.next/dev/types/validator.ts(1602,31): error TS2344: Type 'typeof import("/Users/manishankarvakta/Desktop/APPS/ts-crm/startup-mvp/app/api/files/[...key]/route")' does not satisfy the constraint 'RouteHandlerConfig<"/api/files/[...key]">'.
  Types of property 'GET' are incompatible.
    Type '(request: NextRequest, context: { params?: { key?: string[] | undefined; } | undefined; }) => Promise<NextResponse<unknown>>' is not assignable to type '(request: NextRequest, context: { params: Promise<{ key: string[]; }>; }) => void | Response | Promise<void | Response>'.
      Types of parameters 'context' and 'context' are incompatible.
        Type '{ params: Promise<{ key: string[]; }>; }' is not assignable to type '{ params?: { key?: string[] | undefined; } | undefined; }'.
          Types of property 'params' are incompatible.
            Type 'Promise<{ key: string[]; }>' has no properties in common with type '{ key?: string[] | undefined; }'.
.next/types/app/api/files/[...key]/route.ts(52,7): error TS2344: Type '{ __tag__: "GET"; __param_position__: "second"; __param_type__: { params?: { key?: string[] | undefined; } | undefined; }; }' does not satisfy the constraint 'ParamCheck<RouteContext>'.
  The types of '__param_type__.params' are incompatible between these types.
    Type '{ key?: string[] | undefined; } | undefined' is not assignable to type 'Promise<any>'.
      Type 'undefined' is not assignable to type 'Promise<any>'.
.next/types/validator.ts(1602,31): error TS2344: Type 'typeof import("/Users/manishankarvakta/Desktop/APPS/ts-crm/startup-mvp/app/api/files/[...key]/route")' does not satisfy the constraint 'RouteHandlerConfig<"/api/files/[...key]">'.
  Types of property 'GET' are incompatible.
    Type '(request: NextRequest, context: { params?: { key?: string[] | undefined; } | undefined; }) => Promise<NextResponse<unknown>>' is not assignable to type '(request: NextRequest, context: { params: Promise<{ key: string[]; }>; }) => void | Response | Promise<void | Response>'.
      Types of parameters 'context' and 'context' are incompatible.
        Type '{ params: Promise<{ key: string[]; }>; }' is not assignable to type '{ params?: { key?: string[] | undefined; } | undefined; }'.
          Types of property 'params' are incompatible.
            Type 'Promise<{ key: string[]; }>' has no properties in common with type '{ key?: string[] | undefined; }'.
app/(dashboard)/admin/category/_actions/category.action.tsx(329,5): error TS2304: Cannot find name 'revalidatePath'.
app/(dashboard)/admin/category/_actions/category.action.tsx(330,5): error TS2304: Cannot find name 'revalidatePath'.
app/(dashboard)/admin/clients/_actions/client.action.tsx(94,9): error TS2561: Object literal may only specify known properties, but 'chartOfAccount' does not exist in type 'ClientSelect<DefaultArgs>'. Did you mean to write 'ChartOfAccount'?
app/(dashboard)/admin/clients/_actions/client.action.tsx(177,9): error TS2561: Object literal may only specify known properties, but 'chartOfAccount' does not exist in type 'ClientSelect<DefaultArgs>'. Did you mean to write 'ChartOfAccount'?
app/(dashboard)/admin/clients/_actions/client.action.tsx(384,61): error TS2554: Expected 0 arguments, but got 1.
app/(dashboard)/admin/clients/_actions/client.action.tsx(445,9): error TS2322: Type '{ code: string; name: string; type: "ASSET"; parentId: string; description: string; status: string; createdBy: string; }' is not assignable to type '(Without<ChartOfAccountCreateInput, ChartOfAccountUncheckedCreateInput> & ChartOfAccountUncheckedCreateInput) | (Without<...> & ChartOfAccountCreateInput)'.
  Type '{ code: string; name: string; type: "ASSET"; parentId: string; description: string; status: string; createdBy: string; }' is not assignable to type 'Without<ChartOfAccountCreateInput, ChartOfAccountUncheckedCreateInput> & ChartOfAccountUncheckedCreateInput'.
    Property 'id' is missing in type '{ code: string; name: string; type: "ASSET"; parentId: string; description: string; status: string; createdBy: string; }' but required in type 'ChartOfAccountUncheckedCreateInput'.
app/(dashboard)/admin/clients/_actions/client.action.tsx(643,63): error TS2554: Expected 0 arguments, but got 1.
app/(dashboard)/admin/clients/_actions/client.action.tsx(700,11): error TS2322: Type '{ code: string; name: string; type: "ASSET"; parentId: string; description: string; status: string; createdBy: string; }' is not assignable to type '(Without<ChartOfAccountCreateInput, ChartOfAccountUncheckedCreateInput> & ChartOfAccountUncheckedCreateInput) | (Without<...> & ChartOfAccountCreateInput)'.
  Type '{ code: string; name: string; type: "ASSET"; parentId: string; description: string; status: string; createdBy: string; }' is not assignable to type 'Without<ChartOfAccountCreateInput, ChartOfAccountUncheckedCreateInput> & ChartOfAccountUncheckedCreateInput'.
    Property 'id' is missing in type '{ code: string; name: string; type: "ASSET"; parentId: string; description: string; status: string; createdBy: string; }' but required in type 'ChartOfAccountUncheckedCreateInput'.
app/(dashboard)/admin/clients/_actions/client.action.tsx(739,20): error TS2551: Property 'chartOfAccountId' does not exist on type 'ClientUpdateInput'. Did you mean 'ChartOfAccount'?
app/(dashboard)/admin/clients/details/page.tsx(112,50): error TS2551: Property 'createdByUser' does not exist on type '{ name: string | null; id: string; email: string; image: string | null; status: string; createdAt: Date; updatedAt: Date; chartOfAccountId: string | null; createdBy: string; phone: string | null; ... 6 more ...; clientCode: string | null; }'. Did you mean 'createdBy'?
app/(dashboard)/admin/clients/details/page.tsx(112,79): error TS2551: Property 'createdByUser' does not exist on type '{ name: string | null; id: string; email: string; image: string | null; status: string; createdAt: Date; updatedAt: Date; chartOfAccountId: string | null; createdBy: string; phone: string | null; ... 6 more ...; clientCode: string | null; }'. Did you mean 'createdBy'?
app/(dashboard)/admin/clients/details/page.tsx(132,29): error TS2551: Property 'chartOfAccount' does not exist on type '{ name: string | null; id: string; email: string; image: string | null; status: string; createdAt: Date; updatedAt: Date; chartOfAccountId: string | null; createdBy: string; phone: string | null; ... 6 more ...; clientCode: string | null; }'. Did you mean 'chartOfAccountId'?
app/(dashboard)/admin/clients/details/page.tsx(135,35): error TS2551: Property 'chartOfAccount' does not exist on type '{ name: string | null; id: string; email: string; image: string | null; status: string; createdAt: Date; updatedAt: Date; chartOfAccountId: string | null; createdBy: string; phone: string | null; ... 6 more ...; clientCode: string | null; }'. Did you mean 'chartOfAccountId'?
app/(dashboard)/admin/clients/details/page.tsx(135,66): error TS2551: Property 'chartOfAccount' does not exist on type '{ name: string | null; id: string; email: string; image: string | null; status: string; createdAt: Date; updatedAt: Date; chartOfAccountId: string | null; createdBy: string; phone: string | null; ... 6 more ...; clientCode: string | null; }'. Did you mean 'chartOfAccountId'?
app/(dashboard)/admin/clients/details/page.tsx(138,41): error TS2551: Property 'chartOfAccount' does not exist on type '{ name: string | null; id: string; email: string; image: string | null; status: string; createdAt: Date; updatedAt: Date; chartOfAccountId: string | null; createdBy: string; phone: string | null; ... 6 more ...; clientCode: string | null; }'. Did you mean 'chartOfAccountId'?
app/(dashboard)/admin/clients/page.tsx(73,13): error TS2322: Type 'never[] | { name: string | null; id: string; email: string; image: string | null; status: string; createdAt: Date; updatedAt: Date; chartOfAccountId: string | null; createdBy: string; ... 7 more ...; clientCode: string | null; }[]' is not assignable to type 'Client[]'.
  Type '{ name: string | null; id: string; email: string; image: string | null; status: string; createdAt: Date; updatedAt: Date; chartOfAccountId: string | null; createdBy: string; phone: string | null; ... 6 more ...; clientCode: string | null; }[]' is not assignable to type 'Client[]'.
    Type '{ name: string | null; id: string; email: string; image: string | null; status: string; createdAt: Date; updatedAt: Date; chartOfAccountId: string | null; createdBy: string; phone: string | null; ... 6 more ...; clientCode: string | null; }' is missing the following properties from type 'Client': createdByUser, chartOfAccount
app/(dashboard)/admin/clients/page.tsx(86,13): error TS2322: Type 'never[] | { name: string | null; id: string; email: string; image: string | null; status: string; createdAt: Date; updatedAt: Date; chartOfAccountId: string | null; createdBy: string; ... 7 more ...; clientCode: string | null; }[]' is not assignable to type 'Client[]'.
  Type '{ name: string | null; id: string; email: string; image: string | null; status: string; createdAt: Date; updatedAt: Date; chartOfAccountId: string | null; createdBy: string; phone: string | null; ... 6 more ...; clientCode: string | null; }[]' is not assignable to type 'Client[]'.
    Type '{ name: string | null; id: string; email: string; image: string | null; status: string; createdAt: Date; updatedAt: Date; chartOfAccountId: string | null; createdBy: string; phone: string | null; ... 6 more ...; clientCode: string | null; }' is missing the following properties from type 'Client': createdByUser, chartOfAccount
app/(dashboard)/admin/files/page.tsx(831,16): error TS2322: Type 'import("/Users/manishankarvakta/Desktop/APPS/ts-crm/startup-mvp/hooks/use-toast").Toast[]' is not assignable to type 'import("/Users/manishankarvakta/Desktop/APPS/ts-crm/startup-mvp/components/ui/toast").Toast[]'.
  Type 'import("/Users/manishankarvakta/Desktop/APPS/ts-crm/startup-mvp/hooks/use-toast").Toast' is not assignable to type 'import("/Users/manishankarvakta/Desktop/APPS/ts-crm/startup-mvp/components/ui/toast").Toast'.
    Types of property 'duration' are incompatible.
      Type 'number | null | undefined' is not assignable to type 'number | undefined'.
        Type 'null' is not assignable to type 'number | undefined'.
app/(dashboard)/admin/items/_actions/unit.action.tsx(316,5): error TS2304: Cannot find name 'revalidatePath'.
app/(dashboard)/admin/items/_actions/unit.action.tsx(317,5): error TS2304: Cannot find name 'revalidatePath'.
app/(dashboard)/admin/items/category/_actions/category.action.tsx(329,5): error TS2304: Cannot find name 'revalidatePath'.
app/(dashboard)/admin/items/category/_actions/category.action.tsx(330,5): error TS2304: Cannot find name 'revalidatePath'.
app/(dashboard)/admin/items/groups/_actions/group.action.tsx(898,31): error TS2339: Property 'costPrice' does not exist on type '{ id: string; code: string | null; description: string | null; baseUnit: string | null; baseUnitPrice: Decimal | null; items: { id: string; code: string | null; description: string | null; ... 7 more ...; depth: Decimal | null; }[]; }'.
app/(dashboard)/admin/items/groups/_components/groupForm.tsx(104,5): error TS2322: Type 'Resolver<{ status: "active" | "inactive"; items: { sl: number; unitPrice: number; amount: number; sortOrder: number; code?: string | undefined; description?: string | undefined; height?: number | undefined; width?: number | undefined; depth?: number | undefined; unit?: string | undefined; }[]; ... 5 more ...; costPr...' is not assignable to type 'Resolver<{ status: "active" | "inactive"; costPrice: number; items: { sl: number; unitPrice: number; amount: number; sortOrder: number; code?: string | undefined; description?: string | undefined; height?: number | undefined; width?: number | undefined; depth?: number | undefined; unit?: string | undefined; }[]; ......'.
  Types of parameters 'options' and 'options' are incompatible.
    Type 'ResolverOptions<{ status: "active" | "inactive"; costPrice: number; items: { sl: number; unitPrice: number; amount: number; sortOrder: number; code?: string | undefined; description?: string | undefined; height?: number | undefined; width?: number | undefined; depth?: number | undefined; unit?: string | undefined; }...' is not assignable to type 'ResolverOptions<{ status: "active" | "inactive"; items: { sl: number; unitPrice: number; amount: number; sortOrder: number; code?: string | undefined; description?: string | undefined; height?: number | undefined; width?: number | undefined; depth?: number | undefined; unit?: string | undefined; }[]; ... 5 more ...;...'.
      Type 'number | undefined' is not assignable to type 'number'.
        Type 'undefined' is not assignable to type 'number'.
app/(dashboard)/admin/items/groups/_components/groupForm.tsx(457,34): error TS2345: Argument of type '(data: GroupFormData) => Promise<void>' is not assignable to parameter of type 'SubmitHandler<TFieldValues>'.
  Types of parameters 'data' and 'data' are incompatible.
    Type 'TFieldValues' is not assignable to type '{ status: "active" | "inactive"; costPrice: number; items: { sl: number; unitPrice: number; amount: number; sortOrder: number; code?: string | undefined; description?: string | undefined; height?: number | undefined; width?: number | undefined; depth?: number | undefined; unit?: string | undefined; }[]; ... 4 more ....'.
      Type 'FieldValues' is missing the following properties from type '{ status: "active" | "inactive"; costPrice: number; items: { sl: number; unitPrice: number; amount: number; sortOrder: number; code?: string | undefined; description?: string | undefined; height?: number | undefined; width?: number | undefined; depth?: number | undefined; unit?: string | undefined; }[]; ... 4 more ....': status, costPrice, items
app/(dashboard)/admin/notifications/page.tsx(75,49): error TS2339: Property 'filter' does not exist on type '{}'.
app/(dashboard)/admin/notifications/page.tsx(78,26): error TS2345: Argument of type '{}' is not assignable to parameter of type 'SetStateAction<Notification[]>'.
app/(dashboard)/admin/purchases/[id]/page.tsx(29,9): error TS2740: Type '{ items: { quantity: number; unitPrice: number; amount: number; item: { unitPrice: number; id: string; code: string; description: string; } | null; id: string; description: string; itemId: string | null; }[]; subTotal: number; discount: number | null; tax: number | null; grandTotal: number; }' is missing the following properties from type '{ id: string; supplier: { id: string; }; purchaseNumber: string; date: Date; status: PurchaseStatus; notes: string | null; attachmentUrl: string | null; discount: number | null; tax: number | null; items: { ...; }[]; }': id, supplier, purchaseNumber, date, and 3 more.
app/(dashboard)/admin/purchases/_actions/purchase.action.tsx(379,25): error TS1361: 'Prisma' cannot be used as a value because it was imported using 'import type'.
app/(dashboard)/admin/purchases/_actions/purchase.action.tsx(380,36): error TS1361: 'Prisma' cannot be used as a value because it was imported using 'import type'.
app/(dashboard)/admin/purchases/_actions/purchase.action.tsx(381,26): error TS1361: 'Prisma' cannot be used as a value because it was imported using 'import type'.
app/(dashboard)/admin/purchases/_actions/purchase.action.tsx(382,27): error TS1361: 'Prisma' cannot be used as a value because it was imported using 'import type'.
app/(dashboard)/admin/purchases/_actions/purchase.action.tsx(388,29): error TS1361: 'Prisma' cannot be used as a value because it was imported using 'import type'.
app/(dashboard)/admin/purchases/_actions/purchase.action.tsx(389,30): error TS1361: 'Prisma' cannot be used as a value because it was imported using 'import type'.
app/(dashboard)/admin/purchases/_actions/purchase.action.tsx(390,27): error TS1361: 'Prisma' cannot be used as a value because it was imported using 'import type'.
app/(dashboard)/admin/purchases/_actions/purchase.action.tsx(471,25): error TS1361: 'Prisma' cannot be used as a value because it was imported using 'import type'.
app/(dashboard)/admin/purchases/_actions/purchase.action.tsx(472,36): error TS1361: 'Prisma' cannot be used as a value because it was imported using 'import type'.
app/(dashboard)/admin/purchases/_actions/purchase.action.tsx(473,26): error TS1361: 'Prisma' cannot be used as a value because it was imported using 'import type'.
app/(dashboard)/admin/purchases/_actions/purchase.action.tsx(474,27): error TS1361: 'Prisma' cannot be used as a value because it was imported using 'import type'.
app/(dashboard)/admin/purchases/_actions/purchase.action.tsx(480,29): error TS1361: 'Prisma' cannot be used as a value because it was imported using 'import type'.
app/(dashboard)/admin/purchases/_actions/purchase.action.tsx(481,30): error TS1361: 'Prisma' cannot be used as a value because it was imported using 'import type'.
app/(dashboard)/admin/purchases/_actions/purchase.action.tsx(482,27): error TS1361: 'Prisma' cannot be used as a value because it was imported using 'import type'.
app/(dashboard)/admin/purchases/_components/purchaseForm.tsx(125,5): error TS2322: Type 'Resolver<{ supplierId: string; date: unknown; status: "DRAFT" | "APPROVED" | "PARTIALLY_RECEIVED" | "RECEIVED" | "CANCELLED"; items: { description: string; quantity: unknown; unitPrice: unknown; amount: unknown; itemId?: string | null | undefined; }[]; notes?: string | ... 1 more ... | undefined; attachmentUrl?: str...' is not assignable to type 'Resolver<{ supplierId: string; date: Date; status: "DRAFT" | "APPROVED" | "PARTIALLY_RECEIVED" | "RECEIVED" | "CANCELLED"; items: { description: string; quantity: number; unitPrice: number; amount: number; itemId?: string | ... 1 more ... | undefined; }[]; notes?: string | ... 1 more ... | undefined; attachmentUrl?:...'.
  Types of parameters 'options' and 'options' are incompatible.
    Type 'ResolverOptions<{ supplierId: string; date: Date; status: "DRAFT" | "APPROVED" | "PARTIALLY_RECEIVED" | "RECEIVED" | "CANCELLED"; items: { description: string; quantity: number; unitPrice: number; amount: number; itemId?: string | ... 1 more ... | undefined; }[]; notes?: string | ... 1 more ... | undefined; attachme...' is not assignable to type 'ResolverOptions<{ supplierId: string; date: unknown; status: "DRAFT" | "APPROVED" | "PARTIALLY_RECEIVED" | "RECEIVED" | "CANCELLED"; items: { description: string; quantity: unknown; unitPrice: unknown; amount: unknown; itemId?: string | null | undefined; }[]; notes?: string | ... 1 more ... | undefined; attachmentUr...'.
      Types of property 'names' are incompatible.
        Type 'string[] | undefined' is not assignable to type '("status" | "date" | "supplierId" | "notes" | "attachmentUrl" | "discount" | "tax" | "items")[] | undefined'.
          Type 'string[]' is not assignable to type '("status" | "date" | "supplierId" | "notes" | "attachmentUrl" | "discount" | "tax" | "items")[]'.
            Type 'string' is not assignable to type '"status" | "date" | "supplierId" | "notes" | "attachmentUrl" | "discount" | "tax" | "items"'.
app/(dashboard)/admin/purchases/_components/purchaseForm.tsx(210,40): error TS2345: Argument of type '(data: PurchaseFormData) => Promise<void>' is not assignable to parameter of type 'SubmitHandler<TFieldValues>'.
  Types of parameters 'data' and 'data' are incompatible.
    Type 'TFieldValues' is not assignable to type '{ supplierId: string; date: Date; status: "DRAFT" | "APPROVED" | "PARTIALLY_RECEIVED" | "RECEIVED" | "CANCELLED"; items: { description: string; quantity: number; unitPrice: number; amount: number; itemId?: string | ... 1 more ... | undefined; }[]; notes?: string | ... 1 more ... | undefined; attachmentUrl?: string |...'.
      Type 'FieldValues' is missing the following properties from type '{ supplierId: string; date: Date; status: "DRAFT" | "APPROVED" | "PARTIALLY_RECEIVED" | "RECEIVED" | "CANCELLED"; items: { description: string; quantity: number; unitPrice: number; amount: number; itemId?: string | ... 1 more ... | undefined; }[]; notes?: string | ... 1 more ... | undefined; attachmentUrl?: string |...': supplierId, date, status, items
app/(dashboard)/admin/purchases/details/page.tsx(50,52): error TS2339: Property 'id' does not exist on type '{ items: { quantity: number; unitPrice: number; amount: number; item: { unitPrice: number; id: string; code: string; description: string; } | null; id: string; description: string; itemId: string | null; }[]; subTotal: number; discount: number | null; tax: number | null; grandTotal: number; }'.
app/(dashboard)/admin/purchases/details/page.tsx(66,60): error TS2339: Property 'purchaseNumber' does not exist on type '{ items: { quantity: number; unitPrice: number; amount: number; item: { unitPrice: number; id: string; code: string; description: string; } | null; id: string; description: string; itemId: string | null; }[]; subTotal: number; discount: number | null; tax: number | null; grandTotal: number; }'.
app/(dashboard)/admin/purchases/details/page.tsx(71,27): error TS2339: Property 'supplier' does not exist on type '{ items: { quantity: number; unitPrice: number; amount: number; item: { unitPrice: number; id: string; code: string; description: string; } | null; id: string; description: string; itemId: string | null; }[]; subTotal: number; discount: number | null; tax: number | null; grandTotal: number; }'.
app/(dashboard)/admin/purchases/details/page.tsx(71,53): error TS2339: Property 'supplier' does not exist on type '{ items: { quantity: number; unitPrice: number; amount: number; item: { unitPrice: number; id: string; code: string; description: string; } | null; id: string; description: string; itemId: string | null; }[]; subTotal: number; discount: number | null; tax: number | null; grandTotal: number; }'.
app/(dashboard)/admin/purchases/details/page.tsx(76,64): error TS2339: Property 'date' does not exist on type '{ items: { quantity: number; unitPrice: number; amount: number; item: { unitPrice: number; id: string; code: string; description: string; } | null; id: string; description: string; itemId: string | null; }[]; subTotal: number; discount: number | null; tax: number | null; grandTotal: number; }'.
app/(dashboard)/admin/purchases/details/page.tsx(81,42): error TS2339: Property 'status' does not exist on type '{ items: { quantity: number; unitPrice: number; amount: number; item: { unitPrice: number; id: string; code: string; description: string; } | null; id: string; description: string; itemId: string | null; }[]; subTotal: number; discount: number | null; tax: number | null; grandTotal: number; }'.
app/(dashboard)/admin/purchases/details/page.tsx(82,20): error TS7053: Element implicitly has an 'any' type because expression of type 'any' can't be used to index type 'Record<PurchaseStatus, string>'.
app/(dashboard)/admin/purchases/details/page.tsx(82,43): error TS2339: Property 'status' does not exist on type '{ items: { quantity: number; unitPrice: number; amount: number; item: { unitPrice: number; id: string; code: string; description: string; } | null; id: string; description: string; itemId: string | null; }[]; subTotal: number; discount: number | null; tax: number | null; grandTotal: number; }'.
app/(dashboard)/admin/purchases/details/page.tsx(92,21): error TS2339: Property 'notes' does not exist on type '{ items: { quantity: number; unitPrice: number; amount: number; item: { unitPrice: number; id: string; code: string; description: string; } | null; id: string; description: string; itemId: string | null; }[]; subTotal: number; discount: number | null; tax: number | null; grandTotal: number; }'.
app/(dashboard)/admin/purchases/details/page.tsx(95,48): error TS2339: Property 'notes' does not exist on type '{ items: { quantity: number; unitPrice: number; amount: number; item: { unitPrice: number; id: string; code: string; description: string; } | null; id: string; description: string; itemId: string | null; }[]; subTotal: number; discount: number | null; tax: number | null; grandTotal: number; }'.
app/(dashboard)/admin/purchases/page.tsx(72,13): error TS2322: Type 'never[] | { subTotal: number; discount: number | null; tax: number | null; grandTotal: number; items: { quantity: number; unitPrice: number; amount: number; }[] | undefined; }[]' is not assignable to type 'Purchase[]'.
  Type '{ subTotal: number; discount: number | null; tax: number | null; grandTotal: number; items: { quantity: number; unitPrice: number; amount: number; }[] | undefined; }[]' is not assignable to type 'Purchase[]'.
    Type '{ subTotal: number; discount: number | null; tax: number | null; grandTotal: number; items: { quantity: number; unitPrice: number; amount: number; }[] | undefined; }' is missing the following properties from type 'Purchase': id, purchaseNumber, date, status, and 4 more.
app/(dashboard)/admin/purchases/page.tsx(87,13): error TS2322: Type 'never[] | { subTotal: number; discount: number | null; tax: number | null; grandTotal: number; items: { quantity: number; unitPrice: number; amount: number; }[] | undefined; }[]' is not assignable to type 'Purchase[]'.
  Type '{ subTotal: number; discount: number | null; tax: number | null; grandTotal: number; items: { quantity: number; unitPrice: number; amount: number; }[] | undefined; }[]' is not assignable to type 'Purchase[]'.
    Type '{ subTotal: number; discount: number | null; tax: number | null; grandTotal: number; items: { quantity: number; unitPrice: number; amount: number; }[] | undefined; }' is missing the following properties from type 'Purchase': id, purchaseNumber, date, status, and 4 more.
app/(dashboard)/admin/settings/_components/Tos.tsx(144,16): error TS2322: Type 'import("/Users/manishankarvakta/Desktop/APPS/ts-crm/startup-mvp/hooks/use-toast").Toast[]' is not assignable to type 'import("/Users/manishankarvakta/Desktop/APPS/ts-crm/startup-mvp/components/ui/toast").Toast[]'.
  Type 'import("/Users/manishankarvakta/Desktop/APPS/ts-crm/startup-mvp/hooks/use-toast").Toast' is not assignable to type 'import("/Users/manishankarvakta/Desktop/APPS/ts-crm/startup-mvp/components/ui/toast").Toast'.
    Types of property 'duration' are incompatible.
      Type 'number | null | undefined' is not assignable to type 'number | undefined'.
        Type 'null' is not assignable to type 'number | undefined'.
app/(dashboard)/admin/settings/permissions/templates/[id]/edit/page.tsx(41,21): error TS2322: Type '{ id: string; name: string; description: string | null; permissions: PartialPermissions; isActive: boolean; createdAt: Date; updatedAt: Date; }' is not assignable to type 'PermissionTemplateData'.
  Types of property 'description' are incompatible.
    Type 'string | null' is not assignable to type 'string | undefined'.
      Type 'null' is not assignable to type 'string | undefined'.
app/(dashboard)/admin/suppliers/details/page.tsx(132,31): error TS2551: Property 'chartOfAccount' does not exist on type '{ name: string | null; id: string; email: string; image: string | null; status: string; createdAt: Date; updatedAt: Date; createdBy: string; ChartOfAccount: { name: string; id: string; type: AccountType; code: string; } | null; ... 8 more ...; createdByUser: { ...; }; }'. Did you mean 'ChartOfAccount'?
app/(dashboard)/admin/suppliers/details/page.tsx(135,37): error TS2551: Property 'chartOfAccount' does not exist on type '{ name: string | null; id: string; email: string; image: string | null; status: string; createdAt: Date; updatedAt: Date; createdBy: string; ChartOfAccount: { name: string; id: string; type: AccountType; code: string; } | null; ... 8 more ...; createdByUser: { ...; }; }'. Did you mean 'ChartOfAccount'?
app/(dashboard)/admin/suppliers/details/page.tsx(135,70): error TS2551: Property 'chartOfAccount' does not exist on type '{ name: string | null; id: string; email: string; image: string | null; status: string; createdAt: Date; updatedAt: Date; createdBy: string; ChartOfAccount: { name: string; id: string; type: AccountType; code: string; } | null; ... 8 more ...; createdByUser: { ...; }; }'. Did you mean 'ChartOfAccount'?
app/(dashboard)/admin/suppliers/details/page.tsx(138,43): error TS2551: Property 'chartOfAccount' does not exist on type '{ name: string | null; id: string; email: string; image: string | null; status: string; createdAt: Date; updatedAt: Date; createdBy: string; ChartOfAccount: { name: string; id: string; type: AccountType; code: string; } | null; ... 8 more ...; createdByUser: { ...; }; }'. Did you mean 'ChartOfAccount'?
app/(dashboard)/admin/users/[id]/permissions/page.tsx(61,11): error TS2322: Type '{ id: string; name: string; description: string | null; permissions: PartialPermissions; isActive: boolean; createdAt: Date; updatedAt: Date; }[]' is not assignable to type 'PermissionTemplateData[]'.
  Type '{ id: string; name: string; description: string | null; permissions: PartialPermissions; isActive: boolean; createdAt: Date; updatedAt: Date; }' is not assignable to type 'PermissionTemplateData'.
    Types of property 'description' are incompatible.
      Type 'string | null' is not assignable to type 'string | undefined'.
        Type 'null' is not assignable to type 'string | undefined'.
app/(dashboard)/admin/work-orders/[id]/page.tsx(52,14): error TS2304: Cannot find name 'WorkOrderStatusButton'.
app/(dashboard)/dashboard/accounts/cash-bank/_actions/cash-bank-ledger.action.tsx(113,9): error TS2561: Object literal may only specify known properties, but 'journalEntry' does not exist in type 'JournalEntryLineWhereInput'. Did you mean to write 'JournalEntry'?
app/(dashboard)/dashboard/accounts/cash-bank/_actions/cash-bank-ledger.action.tsx(118,9): error TS2561: Object literal may only specify known properties, but 'journalEntry' does not exist in type 'JournalEntryLineInclude<DefaultArgs>'. Did you mean to write 'JournalEntry'?
app/(dashboard)/dashboard/accounts/cash-bank/_actions/cash-bank-ledger.action.tsx(169,9): error TS2353: Object literal may only specify known properties, and 'journalEntry' does not exist in type 'JournalEntryLineOrderByWithRelationInput | JournalEntryLineOrderByWithRelationInput[]'.
app/(dashboard)/dashboard/accounts/cash-bank/_actions/cash-bank-ledger.action.tsx(192,18): error TS2551: Property 'journalEntry' does not exist on type '{ id: string; createdAt: Date; userId: string | null; chartOfAccountId: string; description: string | null; lineNumber: number; debitAmount: Decimal; creditAmount: Decimal; journalEntryId: string; clientId: string | null; supplierId: string | null; organizationId: string | null; }'. Did you mean 'journalEntryId'?
app/(dashboard)/dashboard/accounts/cash-bank/_actions/cash-bank-ledger.action.tsx(193,27): error TS2551: Property 'journalEntry' does not exist on type '{ id: string; createdAt: Date; userId: string | null; chartOfAccountId: string; description: string | null; lineNumber: number; debitAmount: Decimal; creditAmount: Decimal; journalEntryId: string; clientId: string | null; supplierId: string | null; organizationId: string | null; }'. Did you mean 'journalEntryId'?
app/(dashboard)/dashboard/accounts/cash-bank/_actions/cash-bank-ledger.action.tsx(194,20): error TS2551: Property 'journalEntry' does not exist on type '{ id: string; createdAt: Date; userId: string | null; chartOfAccountId: string; description: string | null; lineNumber: number; debitAmount: Decimal; creditAmount: Decimal; journalEntryId: string; clientId: string | null; supplierId: string | null; organizationId: string | null; }'. Did you mean 'journalEntryId'?
app/(dashboard)/dashboard/accounts/cash-bank/_actions/cash-bank-ledger.action.tsx(195,27): error TS2551: Property 'journalEntry' does not exist on type '{ id: string; createdAt: Date; userId: string | null; chartOfAccountId: string; description: string | null; lineNumber: number; debitAmount: Decimal; creditAmount: Decimal; journalEntryId: string; clientId: string | null; supplierId: string | null; organizationId: string | null; }'. Did you mean 'journalEntryId'?
app/(dashboard)/dashboard/accounts/cash-bank/_actions/cash-bank-ledger.action.tsx(196,22): error TS2551: Property 'journalEntry' does not exist on type '{ id: string; createdAt: Date; userId: string | null; chartOfAccountId: string; description: string | null; lineNumber: number; debitAmount: Decimal; creditAmount: Decimal; journalEntryId: string; clientId: string | null; supplierId: string | null; organizationId: string | null; }'. Did you mean 'journalEntryId'?
app/(dashboard)/dashboard/accounts/cash-bank/_actions/cash-bank-ledger.action.tsx(197,24): error TS2551: Property 'journalEntry' does not exist on type '{ id: string; createdAt: Date; userId: string | null; chartOfAccountId: string; description: string | null; lineNumber: number; debitAmount: Decimal; creditAmount: Decimal; journalEntryId: string; clientId: string | null; supplierId: string | null; organizationId: string | null; }'. Did you mean 'journalEntryId'?
app/(dashboard)/dashboard/accounts/cash-bank/_actions/cash-bank-ledger.action.tsx(198,23): error TS2551: Property 'journalEntry' does not exist on type '{ id: string; createdAt: Date; userId: string | null; chartOfAccountId: string; description: string | null; lineNumber: number; debitAmount: Decimal; creditAmount: Decimal; journalEntryId: string; clientId: string | null; supplierId: string | null; organizationId: string | null; }'. Did you mean 'journalEntryId'?
app/(dashboard)/dashboard/accounts/cash-bank/_actions/cash-bank-ledger.action.tsx(200,24): error TS2551: Property 'journalEntry' does not exist on type '{ id: string; createdAt: Date; userId: string | null; chartOfAccountId: string; description: string | null; lineNumber: number; debitAmount: Decimal; creditAmount: Decimal; journalEntryId: string; clientId: string | null; supplierId: string | null; organizationId: string | null; }'. Did you mean 'journalEntryId'?
app/(dashboard)/dashboard/accounts/cash-bank/_actions/cash-bank-ledger.action.tsx(201,35): error TS2551: Property 'journalEntry' does not exist on type '{ id: string; createdAt: Date; userId: string | null; chartOfAccountId: string; description: string | null; lineNumber: number; debitAmount: Decimal; creditAmount: Decimal; journalEntryId: string; clientId: string | null; supplierId: string | null; organizationId: string | null; }'. Did you mean 'journalEntryId'?
app/(dashboard)/dashboard/accounts/cash-bank/_actions/cash-bank-ledger.action.tsx(202,26): error TS2551: Property 'journalEntry' does not exist on type '{ id: string; createdAt: Date; userId: string | null; chartOfAccountId: string; description: string | null; lineNumber: number; debitAmount: Decimal; creditAmount: Decimal; journalEntryId: string; clientId: string | null; supplierId: string | null; organizationId: string | null; }'. Did you mean 'journalEntryId'?
app/(dashboard)/dashboard/accounts/cash-bank/_actions/cash-bank-ledger.action.tsx(203,31): error TS2551: Property 'journalEntry' does not exist on type '{ id: string; createdAt: Date; userId: string | null; chartOfAccountId: string; description: string | null; lineNumber: number; debitAmount: Decimal; creditAmount: Decimal; journalEntryId: string; clientId: string | null; supplierId: string | null; organizationId: string | null; }'. Did you mean 'journalEntryId'?
app/(dashboard)/dashboard/accounts/cash-bank/_actions/cash-bank-ledger.action.tsx(204,33): error TS2551: Property 'journalEntry' does not exist on type '{ id: string; createdAt: Date; userId: string | null; chartOfAccountId: string; description: string | null; lineNumber: number; debitAmount: Decimal; creditAmount: Decimal; journalEntryId: string; clientId: string | null; supplierId: string | null; organizationId: string | null; }'. Did you mean 'journalEntryId'?
app/(dashboard)/dashboard/accounts/cash-bank/_actions/cash-bank-ledger.action.tsx(205,28): error TS2551: Property 'journalEntry' does not exist on type '{ id: string; createdAt: Date; userId: string | null; chartOfAccountId: string; description: string | null; lineNumber: number; debitAmount: Decimal; creditAmount: Decimal; journalEntryId: string; clientId: string | null; supplierId: string | null; organizationId: string | null; }'. Did you mean 'journalEntryId'?
app/(dashboard)/dashboard/accounts/cash-bank/_actions/cash-bank-ledger.action.tsx(236,26): error TS2551: Property 'organization' does not exist on type '{ id: string; createdAt: Date; userId: string | null; chartOfAccountId: string; description: string | null; lineNumber: number; debitAmount: Decimal; creditAmount: Decimal; journalEntryId: string; clientId: string | null; supplierId: string | null; organizationId: string | null; }'. Did you mean 'organizationId'?
app/(dashboard)/dashboard/accounts/cash-bank/_actions/cash-bank-ledger.action.tsx(238,22): error TS2551: Property 'organization' does not exist on type '{ id: string; createdAt: Date; userId: string | null; chartOfAccountId: string; description: string | null; lineNumber: number; debitAmount: Decimal; creditAmount: Decimal; journalEntryId: string; clientId: string | null; supplierId: string | null; organizationId: string | null; }'. Did you mean 'organizationId'?
app/(dashboard)/dashboard/accounts/cash-bank/_actions/cash-bank-ledger.action.tsx(239,24): error TS2551: Property 'organization' does not exist on type '{ id: string; createdAt: Date; userId: string | null; chartOfAccountId: string; description: string | null; lineNumber: number; debitAmount: Decimal; creditAmount: Decimal; journalEntryId: string; clientId: string | null; supplierId: string | null; organizationId: string | null; }'. Did you mean 'organizationId'?
app/(dashboard)/dashboard/accounts/cash-bank/_actions/cash-bank-ledger.action.tsx(372,9): error TS2561: Object literal may only specify known properties, but 'journalEntry' does not exist in type 'JournalEntryLineWhereInput'. Did you mean to write 'JournalEntry'?
app/(dashboard)/dashboard/accounts/cash-bank/_actions/cash-bank-ledger.action.tsx(377,9): error TS2561: Object literal may only specify known properties, but 'journalEntry' does not exist in type 'JournalEntryLineInclude<DefaultArgs>'. Did you mean to write 'JournalEntry'?
app/(dashboard)/dashboard/accounts/cash-bank/_actions/cash-bank-ledger.action.tsx(428,9): error TS2353: Object literal may only specify known properties, and 'journalEntry' does not exist in type 'JournalEntryLineOrderByWithRelationInput | JournalEntryLineOrderByWithRelationInput[]'.
app/(dashboard)/dashboard/accounts/cash-bank/_actions/cash-bank-ledger.action.tsx(451,18): error TS2551: Property 'journalEntry' does not exist on type '{ id: string; createdAt: Date; userId: string | null; chartOfAccountId: string; description: string | null; lineNumber: number; debitAmount: Decimal; creditAmount: Decimal; journalEntryId: string; clientId: string | null; supplierId: string | null; organizationId: string | null; }'. Did you mean 'journalEntryId'?
app/(dashboard)/dashboard/accounts/cash-bank/_actions/cash-bank-ledger.action.tsx(452,27): error TS2551: Property 'journalEntry' does not exist on type '{ id: string; createdAt: Date; userId: string | null; chartOfAccountId: string; description: string | null; lineNumber: number; debitAmount: Decimal; creditAmount: Decimal; journalEntryId: string; clientId: string | null; supplierId: string | null; organizationId: string | null; }'. Did you mean 'journalEntryId'?
app/(dashboard)/dashboard/accounts/cash-bank/_actions/cash-bank-ledger.action.tsx(453,20): error TS2551: Property 'journalEntry' does not exist on type '{ id: string; createdAt: Date; userId: string | null; chartOfAccountId: string; description: string | null; lineNumber: number; debitAmount: Decimal; creditAmount: Decimal; journalEntryId: string; clientId: string | null; supplierId: string | null; organizationId: string | null; }'. Did you mean 'journalEntryId'?
app/(dashboard)/dashboard/accounts/cash-bank/_actions/cash-bank-ledger.action.tsx(454,27): error TS2551: Property 'journalEntry' does not exist on type '{ id: string; createdAt: Date; userId: string | null; chartOfAccountId: string; description: string | null; lineNumber: number; debitAmount: Decimal; creditAmount: Decimal; journalEntryId: string; clientId: string | null; supplierId: string | null; organizationId: string | null; }'. Did you mean 'journalEntryId'?
app/(dashboard)/dashboard/accounts/cash-bank/_actions/cash-bank-ledger.action.tsx(455,22): error TS2551: Property 'journalEntry' does not exist on type '{ id: string; createdAt: Date; userId: string | null; chartOfAccountId: string; description: string | null; lineNumber: number; debitAmount: Decimal; creditAmount: Decimal; journalEntryId: string; clientId: string | null; supplierId: string | null; organizationId: string | null; }'. Did you mean 'journalEntryId'?
app/(dashboard)/dashboard/accounts/cash-bank/_actions/cash-bank-ledger.action.tsx(456,24): error TS2551: Property 'journalEntry' does not exist on type '{ id: string; createdAt: Date; userId: string | null; chartOfAccountId: string; description: string | null; lineNumber: number; debitAmount: Decimal; creditAmount: Decimal; journalEntryId: string; clientId: string | null; supplierId: string | null; organizationId: string | null; }'. Did you mean 'journalEntryId'?
app/(dashboard)/dashboard/accounts/cash-bank/_actions/cash-bank-ledger.action.tsx(457,23): error TS2551: Property 'journalEntry' does not exist on type '{ id: string; createdAt: Date; userId: string | null; chartOfAccountId: string; description: string | null; lineNumber: number; debitAmount: Decimal; creditAmount: Decimal; journalEntryId: string; clientId: string | null; supplierId: string | null; organizationId: string | null; }'. Did you mean 'journalEntryId'?
app/(dashboard)/dashboard/accounts/cash-bank/_actions/cash-bank-ledger.action.tsx(459,24): error TS2551: Property 'journalEntry' does not exist on type '{ id: string; createdAt: Date; userId: string | null; chartOfAccountId: string; description: string | null; lineNumber: number; debitAmount: Decimal; creditAmount: Decimal; journalEntryId: string; clientId: string | null; supplierId: string | null; organizationId: string | null; }'. Did you mean 'journalEntryId'?
app/(dashboard)/dashboard/accounts/cash-bank/_actions/cash-bank-ledger.action.tsx(460,35): error TS2551: Property 'journalEntry' does not exist on type '{ id: string; createdAt: Date; userId: string | null; chartOfAccountId: string; description: string | null; lineNumber: number; debitAmount: Decimal; creditAmount: Decimal; journalEntryId: string; clientId: string | null; supplierId: string | null; organizationId: string | null; }'. Did you mean 'journalEntryId'?
app/(dashboard)/dashboard/accounts/cash-bank/_actions/cash-bank-ledger.action.tsx(461,26): error TS2551: Property 'journalEntry' does not exist on type '{ id: string; createdAt: Date; userId: string | null; chartOfAccountId: string; description: string | null; lineNumber: number; debitAmount: Decimal; creditAmount: Decimal; journalEntryId: string; clientId: string | null; supplierId: string | null; organizationId: string | null; }'. Did you mean 'journalEntryId'?
app/(dashboard)/dashboard/accounts/cash-bank/_actions/cash-bank-ledger.action.tsx(462,31): error TS2551: Property 'journalEntry' does not exist on type '{ id: string; createdAt: Date; userId: string | null; chartOfAccountId: string; description: string | null; lineNumber: number; debitAmount: Decimal; creditAmount: Decimal; journalEntryId: string; clientId: string | null; supplierId: string | null; organizationId: string | null; }'. Did you mean 'journalEntryId'?
app/(dashboard)/dashboard/accounts/cash-bank/_actions/cash-bank-ledger.action.tsx(463,33): error TS2551: Property 'journalEntry' does not exist on type '{ id: string; createdAt: Date; userId: string | null; chartOfAccountId: string; description: string | null; lineNumber: number; debitAmount: Decimal; creditAmount: Decimal; journalEntryId: string; clientId: string | null; supplierId: string | null; organizationId: string | null; }'. Did you mean 'journalEntryId'?
app/(dashboard)/dashboard/accounts/cash-bank/_actions/cash-bank-ledger.action.tsx(464,28): error TS2551: Property 'journalEntry' does not exist on type '{ id: string; createdAt: Date; userId: string | null; chartOfAccountId: string; description: string | null; lineNumber: number; debitAmount: Decimal; creditAmount: Decimal; journalEntryId: string; clientId: string | null; supplierId: string | null; organizationId: string | null; }'. Did you mean 'journalEntryId'?
app/(dashboard)/dashboard/accounts/cash-bank/_actions/cash-bank-ledger.action.tsx(495,26): error TS2551: Property 'organization' does not exist on type '{ id: string; createdAt: Date; userId: string | null; chartOfAccountId: string; description: string | null; lineNumber: number; debitAmount: Decimal; creditAmount: Decimal; journalEntryId: string; clientId: string | null; supplierId: string | null; organizationId: string | null; }'. Did you mean 'organizationId'?
app/(dashboard)/dashboard/accounts/cash-bank/_actions/cash-bank-ledger.action.tsx(497,22): error TS2551: Property 'organization' does not exist on type '{ id: string; createdAt: Date; userId: string | null; chartOfAccountId: string; description: string | null; lineNumber: number; debitAmount: Decimal; creditAmount: Decimal; journalEntryId: string; clientId: string | null; supplierId: string | null; organizationId: string | null; }'. Did you mean 'organizationId'?
app/(dashboard)/dashboard/accounts/cash-bank/_actions/cash-bank-ledger.action.tsx(498,24): error TS2551: Property 'organization' does not exist on type '{ id: string; createdAt: Date; userId: string | null; chartOfAccountId: string; description: string | null; lineNumber: number; debitAmount: Decimal; creditAmount: Decimal; journalEntryId: string; clientId: string | null; supplierId: string | null; organizationId: string | null; }'. Did you mean 'organizationId'?
app/(dashboard)/dashboard/accounts/chart-of-accounts/[id]/page.tsx(175,44): error TS7006: Parameter 'child' implicitly has an 'any' type.
app/(dashboard)/dashboard/accounts/chart-of-accounts/_components/chart-of-accounts-form.tsx(30,5): error TS2353: Object literal may only specify known properties, and 'errorMap' does not exist in type '{ error?: string | $ZodErrorMap<$ZodIssueInvalidValue<unknown>> | undefined; message?: string | undefined; }'.
app/(dashboard)/dashboard/accounts/ledgers/_actions/ledger.action.tsx(990,20): error TS2551: Property 'journalEntry' does not exist on type '{ ChartOfAccount: { name: string; id: string; type: AccountType; code: string; }; JournalEntry: { Voucher: { id: string; status: string; type: VoucherType; description: string | null; reference: string | null; voucherNumber: string; }; } & { ...; }; } & { ...; }'. Did you mean 'JournalEntry'?
app/(dashboard)/dashboard/accounts/ledgers/_actions/ledger.action.tsx(991,27): error TS2551: Property 'journalEntry' does not exist on type '{ ChartOfAccount: { name: string; id: string; type: AccountType; code: string; }; JournalEntry: { Voucher: { id: string; status: string; type: VoucherType; description: string | null; reference: string | null; voucherNumber: string; }; } & { ...; }; } & { ...; }'. Did you mean 'JournalEntry'?
app/(dashboard)/dashboard/accounts/ledgers/_actions/ledger.action.tsx(992,47): error TS2551: Property 'journalEntry' does not exist on type '{ ChartOfAccount: { name: string; id: string; type: AccountType; code: string; }; JournalEntry: { Voucher: { id: string; status: string; type: VoucherType; description: string | null; reference: string | null; voucherNumber: string; }; } & { ...; }; } & { ...; }'. Did you mean 'JournalEntry'?
app/(dashboard)/dashboard/accounts/ledgers/_actions/ledger.action.tsx(996,23): error TS2551: Property 'journalEntry' does not exist on type '{ ChartOfAccount: { name: string; id: string; type: AccountType; code: string; }; JournalEntry: { Voucher: { id: string; status: string; type: VoucherType; description: string | null; reference: string | null; voucherNumber: string; }; } & { ...; }; } & { ...; }'. Did you mean 'JournalEntry'?
app/(dashboard)/dashboard/accounts/ledgers/_actions/ledger.action.tsx(998,24): error TS2551: Property 'journalEntry' does not exist on type '{ ChartOfAccount: { name: string; id: string; type: AccountType; code: string; }; JournalEntry: { Voucher: { id: string; status: string; type: VoucherType; description: string | null; reference: string | null; voucherNumber: string; }; } & { ...; }; } & { ...; }'. Did you mean 'JournalEntry'?
app/(dashboard)/dashboard/accounts/ledgers/_actions/ledger.action.tsx(999,35): error TS2551: Property 'journalEntry' does not exist on type '{ ChartOfAccount: { name: string; id: string; type: AccountType; code: string; }; JournalEntry: { Voucher: { id: string; status: string; type: VoucherType; description: string | null; reference: string | null; voucherNumber: string; }; } & { ...; }; } & { ...; }'. Did you mean 'JournalEntry'?
app/(dashboard)/dashboard/accounts/ledgers/_actions/ledger.action.tsx(1000,26): error TS2551: Property 'journalEntry' does not exist on type '{ ChartOfAccount: { name: string; id: string; type: AccountType; code: string; }; JournalEntry: { Voucher: { id: string; status: string; type: VoucherType; description: string | null; reference: string | null; voucherNumber: string; }; } & { ...; }; } & { ...; }'. Did you mean 'JournalEntry'?
app/(dashboard)/dashboard/accounts/ledgers/_actions/ledger.action.tsx(1001,31): error TS2551: Property 'journalEntry' does not exist on type '{ ChartOfAccount: { name: string; id: string; type: AccountType; code: string; }; JournalEntry: { Voucher: { id: string; status: string; type: VoucherType; description: string | null; reference: string | null; voucherNumber: string; }; } & { ...; }; } & { ...; }'. Did you mean 'JournalEntry'?
app/(dashboard)/dashboard/accounts/ledgers/_actions/ledger.action.tsx(1002,33): error TS2551: Property 'journalEntry' does not exist on type '{ ChartOfAccount: { name: string; id: string; type: AccountType; code: string; }; JournalEntry: { Voucher: { id: string; status: string; type: VoucherType; description: string | null; reference: string | null; voucherNumber: string; }; } & { ...; }; } & { ...; }'. Did you mean 'JournalEntry'?
app/(dashboard)/dashboard/accounts/ledgers/_actions/ledger.action.tsx(1003,28): error TS2551: Property 'journalEntry' does not exist on type '{ ChartOfAccount: { name: string; id: string; type: AccountType; code: string; }; JournalEntry: { Voucher: { id: string; status: string; type: VoucherType; description: string | null; reference: string | null; voucherNumber: string; }; } & { ...; }; } & { ...; }'. Did you mean 'JournalEntry'?
app/(dashboard)/dashboard/accounts/ledgers/_actions/ledger.action.tsx(1007,20): error TS2551: Property 'chartOfAccount' does not exist on type '{ ChartOfAccount: { name: string; id: string; type: AccountType; code: string; }; JournalEntry: { Voucher: { id: string; status: string; type: VoucherType; description: string | null; reference: string | null; voucherNumber: string; }; } & { ...; }; } & { ...; }'. Did you mean 'ChartOfAccount'?
app/(dashboard)/dashboard/accounts/ledgers/_actions/ledger.action.tsx(1008,22): error TS2551: Property 'chartOfAccount' does not exist on type '{ ChartOfAccount: { name: string; id: string; type: AccountType; code: string; }; JournalEntry: { Voucher: { id: string; status: string; type: VoucherType; description: string | null; reference: string | null; voucherNumber: string; }; } & { ...; }; } & { ...; }'. Did you mean 'ChartOfAccount'?
app/(dashboard)/dashboard/accounts/ledgers/_actions/ledger.action.tsx(1009,22): error TS2551: Property 'chartOfAccount' does not exist on type '{ ChartOfAccount: { name: string; id: string; type: AccountType; code: string; }; JournalEntry: { Voucher: { id: string; status: string; type: VoucherType; description: string | null; reference: string | null; voucherNumber: string; }; } & { ...; }; } & { ...; }'. Did you mean 'ChartOfAccount'?
app/(dashboard)/dashboard/accounts/ledgers/_actions/ledger.action.tsx(1010,22): error TS2551: Property 'chartOfAccount' does not exist on type '{ ChartOfAccount: { name: string; id: string; type: AccountType; code: string; }; JournalEntry: { Voucher: { id: string; status: string; type: VoucherType; description: string | null; reference: string | null; voucherNumber: string; }; } & { ...; }; } & { ...; }'. Did you mean 'ChartOfAccount'?
app/(dashboard)/dashboard/accounts/ledgers/_actions/ledger.action.tsx(1261,20): error TS2551: Property 'journalEntry' does not exist on type '{ ChartOfAccount: { name: string; id: string; type: AccountType; code: string; }; JournalEntry: { Voucher: { id: string; status: string; type: VoucherType; description: string | null; reference: string | null; voucherNumber: string; }; } & { ...; }; } & { ...; }'. Did you mean 'JournalEntry'?
app/(dashboard)/dashboard/accounts/ledgers/_actions/ledger.action.tsx(1262,27): error TS2551: Property 'journalEntry' does not exist on type '{ ChartOfAccount: { name: string; id: string; type: AccountType; code: string; }; JournalEntry: { Voucher: { id: string; status: string; type: VoucherType; description: string | null; reference: string | null; voucherNumber: string; }; } & { ...; }; } & { ...; }'. Did you mean 'JournalEntry'?
app/(dashboard)/dashboard/accounts/ledgers/_actions/ledger.action.tsx(1263,47): error TS2551: Property 'journalEntry' does not exist on type '{ ChartOfAccount: { name: string; id: string; type: AccountType; code: string; }; JournalEntry: { Voucher: { id: string; status: string; type: VoucherType; description: string | null; reference: string | null; voucherNumber: string; }; } & { ...; }; } & { ...; }'. Did you mean 'JournalEntry'?
app/(dashboard)/dashboard/accounts/ledgers/_actions/ledger.action.tsx(1267,23): error TS2551: Property 'journalEntry' does not exist on type '{ ChartOfAccount: { name: string; id: string; type: AccountType; code: string; }; JournalEntry: { Voucher: { id: string; status: string; type: VoucherType; description: string | null; reference: string | null; voucherNumber: string; }; } & { ...; }; } & { ...; }'. Did you mean 'JournalEntry'?
app/(dashboard)/dashboard/accounts/ledgers/_actions/ledger.action.tsx(1269,24): error TS2551: Property 'journalEntry' does not exist on type '{ ChartOfAccount: { name: string; id: string; type: AccountType; code: string; }; JournalEntry: { Voucher: { id: string; status: string; type: VoucherType; description: string | null; reference: string | null; voucherNumber: string; }; } & { ...; }; } & { ...; }'. Did you mean 'JournalEntry'?
app/(dashboard)/dashboard/accounts/ledgers/_actions/ledger.action.tsx(1270,35): error TS2551: Property 'journalEntry' does not exist on type '{ ChartOfAccount: { name: string; id: string; type: AccountType; code: string; }; JournalEntry: { Voucher: { id: string; status: string; type: VoucherType; description: string | null; reference: string | null; voucherNumber: string; }; } & { ...; }; } & { ...; }'. Did you mean 'JournalEntry'?
app/(dashboard)/dashboard/accounts/ledgers/_actions/ledger.action.tsx(1271,26): error TS2551: Property 'journalEntry' does not exist on type '{ ChartOfAccount: { name: string; id: string; type: AccountType; code: string; }; JournalEntry: { Voucher: { id: string; status: string; type: VoucherType; description: string | null; reference: string | null; voucherNumber: string; }; } & { ...; }; } & { ...; }'. Did you mean 'JournalEntry'?
app/(dashboard)/dashboard/accounts/ledgers/_actions/ledger.action.tsx(1272,31): error TS2551: Property 'journalEntry' does not exist on type '{ ChartOfAccount: { name: string; id: string; type: AccountType; code: string; }; JournalEntry: { Voucher: { id: string; status: string; type: VoucherType; description: string | null; reference: string | null; voucherNumber: string; }; } & { ...; }; } & { ...; }'. Did you mean 'JournalEntry'?
app/(dashboard)/dashboard/accounts/ledgers/_actions/ledger.action.tsx(1273,33): error TS2551: Property 'journalEntry' does not exist on type '{ ChartOfAccount: { name: string; id: string; type: AccountType; code: string; }; JournalEntry: { Voucher: { id: string; status: string; type: VoucherType; description: string | null; reference: string | null; voucherNumber: string; }; } & { ...; }; } & { ...; }'. Did you mean 'JournalEntry'?
app/(dashboard)/dashboard/accounts/ledgers/_actions/ledger.action.tsx(1274,28): error TS2551: Property 'journalEntry' does not exist on type '{ ChartOfAccount: { name: string; id: string; type: AccountType; code: string; }; JournalEntry: { Voucher: { id: string; status: string; type: VoucherType; description: string | null; reference: string | null; voucherNumber: string; }; } & { ...; }; } & { ...; }'. Did you mean 'JournalEntry'?
app/(dashboard)/dashboard/accounts/ledgers/_actions/ledger.action.tsx(1278,20): error TS2551: Property 'chartOfAccount' does not exist on type '{ ChartOfAccount: { name: string; id: string; type: AccountType; code: string; }; JournalEntry: { Voucher: { id: string; status: string; type: VoucherType; description: string | null; reference: string | null; voucherNumber: string; }; } & { ...; }; } & { ...; }'. Did you mean 'ChartOfAccount'?
app/(dashboard)/dashboard/accounts/ledgers/_actions/ledger.action.tsx(1279,22): error TS2551: Property 'chartOfAccount' does not exist on type '{ ChartOfAccount: { name: string; id: string; type: AccountType; code: string; }; JournalEntry: { Voucher: { id: string; status: string; type: VoucherType; description: string | null; reference: string | null; voucherNumber: string; }; } & { ...; }; } & { ...; }'. Did you mean 'ChartOfAccount'?
app/(dashboard)/dashboard/accounts/ledgers/_actions/ledger.action.tsx(1280,22): error TS2551: Property 'chartOfAccount' does not exist on type '{ ChartOfAccount: { name: string; id: string; type: AccountType; code: string; }; JournalEntry: { Voucher: { id: string; status: string; type: VoucherType; description: string | null; reference: string | null; voucherNumber: string; }; } & { ...; }; } & { ...; }'. Did you mean 'ChartOfAccount'?
app/(dashboard)/dashboard/accounts/ledgers/_actions/ledger.action.tsx(1281,22): error TS2551: Property 'chartOfAccount' does not exist on type '{ ChartOfAccount: { name: string; id: string; type: AccountType; code: string; }; JournalEntry: { Voucher: { id: string; status: string; type: VoucherType; description: string | null; reference: string | null; voucherNumber: string; }; } & { ...; }; } & { ...; }'. Did you mean 'ChartOfAccount'?
app/(dashboard)/dashboard/accounts/reports/_actions/ar-ap.action.tsx(241,13): error TS2322: Type 'string | null' is not assignable to type 'string'.
  Type 'null' is not assignable to type 'string'.
app/(dashboard)/dashboard/accounts/reports/_actions/ar-ap.action.tsx(282,9): error TS7053: Element implicitly has an 'any' type because expression of type 'string' can't be used to index type '{ "0-30": number; "31-60": number; "61-90": number; "90+": number; }'.
  No index signature with a parameter of type 'string' was found on type '{ "0-30": number; "31-60": number; "61-90": number; "90+": number; }'.
app/(dashboard)/dashboard/accounts/reports/_actions/ar-ap.action.tsx(282,38): error TS7053: Element implicitly has an 'any' type because expression of type 'string' can't be used to index type '{ "0-30": number; "31-60": number; "61-90": number; "90+": number; }'.
  No index signature with a parameter of type 'string' was found on type '{ "0-30": number; "31-60": number; "61-90": number; "90+": number; }'.
app/(dashboard)/dashboard/accounts/reports/_actions/ar-ap.action.tsx(516,13): error TS2322: Type 'string | null' is not assignable to type 'string'.
  Type 'null' is not assignable to type 'string'.
app/(dashboard)/dashboard/accounts/reports/_actions/ar-ap.action.tsx(545,43): error TS2551: Property 'voucher' does not exist on type '{ id: string; description: string | null; date: Date; Voucher: { id: string; type: VoucherType; reference: string | null; voucherNumber: string; }; entryNumber: string; }'. Did you mean 'Voucher'?
app/(dashboard)/dashboard/accounts/reports/_actions/ar-ap.action.tsx(546,41): error TS2551: Property 'voucher' does not exist on type '{ id: string; description: string | null; date: Date; Voucher: { id: string; type: VoucherType; reference: string | null; voucherNumber: string; }; entryNumber: string; }'. Did you mean 'Voucher'?
app/(dashboard)/dashboard/accounts/reports/_actions/ar-ap.action.tsx(547,39): error TS2551: Property 'voucher' does not exist on type '{ id: string; description: string | null; date: Date; Voucher: { id: string; type: VoucherType; reference: string | null; voucherNumber: string; }; entryNumber: string; }'. Did you mean 'Voucher'?
app/(dashboard)/dashboard/accounts/reports/_actions/ar-ap.action.tsx(557,9): error TS7053: Element implicitly has an 'any' type because expression of type 'string' can't be used to index type '{ "0-30": number; "31-60": number; "61-90": number; "90+": number; }'.
  No index signature with a parameter of type 'string' was found on type '{ "0-30": number; "31-60": number; "61-90": number; "90+": number; }'.
app/(dashboard)/dashboard/accounts/reports/_actions/ar-ap.action.tsx(557,40): error TS7053: Element implicitly has an 'any' type because expression of type 'string' can't be used to index type '{ "0-30": number; "31-60": number; "61-90": number; "90+": number; }'.
  No index signature with a parameter of type 'string' was found on type '{ "0-30": number; "31-60": number; "61-90": number; "90+": number; }'.
app/(dashboard)/dashboard/accounts/vouchers/_components/voucher-form.tsx(136,5): error TS2322: Type 'Resolver<{ date: string; type: "PURCHASE" | "ADJUSTMENT" | "PAYMENT" | "RECEIPT" | "JOURNAL" | "CONTRA" | "SALES"; lines: { chartOfAccountId: string; debitAmount?: number | undefined; creditAmount?: number | undefined; description?: string | undefined; }[]; reference?: string | undefined; description?: string | unde...' is not assignable to type 'Resolver<{ date: string; type: "PURCHASE" | "ADJUSTMENT" | "PAYMENT" | "RECEIPT" | "JOURNAL" | "CONTRA" | "SALES"; lines: { chartOfAccountId: string; debitAmount: number; creditAmount: number; description?: string | undefined; }[]; reference?: string | undefined; description?: string | undefined; }, any, { ...; }>'.
  Types of parameters 'options' and 'options' are incompatible.
    Type 'ResolverOptions<{ date: string; type: "PURCHASE" | "ADJUSTMENT" | "PAYMENT" | "RECEIPT" | "JOURNAL" | "CONTRA" | "SALES"; lines: { chartOfAccountId: string; debitAmount: number; creditAmount: number; description?: string | undefined; }[]; reference?: string | undefined; description?: string | undefined; }>' is not assignable to type 'ResolverOptions<{ date: string; type: "PURCHASE" | "ADJUSTMENT" | "PAYMENT" | "RECEIPT" | "JOURNAL" | "CONTRA" | "SALES"; lines: { chartOfAccountId: string; debitAmount?: number | undefined; creditAmount?: number | undefined; description?: string | undefined; }[]; reference?: string | undefined; description?: string...'.
      Type '{ chartOfAccountId: string; debitAmount?: number | undefined; creditAmount?: number | undefined; description?: string | undefined; }[]' is not assignable to type '{ chartOfAccountId: string; debitAmount: number; creditAmount: number; description?: string | undefined; }[]'.
        Type '{ chartOfAccountId: string; debitAmount?: number | undefined; creditAmount?: number | undefined; description?: string | undefined; }' is not assignable to type '{ chartOfAccountId: string; debitAmount: number; creditAmount: number; description?: string | undefined; }'.
          Types of property 'debitAmount' are incompatible.
            Type 'number | undefined' is not assignable to type 'number'.
              Type 'undefined' is not assignable to type 'number'.
app/(dashboard)/dashboard/accounts/vouchers/_components/voucher-form.tsx(243,40): error TS2345: Argument of type '(data: VoucherFormData) => Promise<void>' is not assignable to parameter of type 'SubmitHandler<TFieldValues>'.
  Types of parameters 'data' and 'data' are incompatible.
    Type 'TFieldValues' is not assignable to type '{ date: string; type: "PURCHASE" | "ADJUSTMENT" | "PAYMENT" | "RECEIPT" | "JOURNAL" | "CONTRA" | "SALES"; lines: { chartOfAccountId: string; debitAmount: number; creditAmount: number; description?: string | undefined; }[]; reference?: string | undefined; description?: string | undefined; }'.
      Type 'FieldValues' is missing the following properties from type '{ date: string; type: "PURCHASE" | "ADJUSTMENT" | "PAYMENT" | "RECEIPT" | "JOURNAL" | "CONTRA" | "SALES"; lines: { chartOfAccountId: string; debitAmount: number; creditAmount: number; description?: string | undefined; }[]; reference?: string | undefined; description?: string | undefined; }': date, type, lines
app/(dashboard)/dashboard/accounts/vouchers/add/_components/receipt-payment-form.tsx(68,16): error TS2702: 'VoucherType' only refers to a type, but is being used as a namespace here.
app/(dashboard)/dashboard/accounts/vouchers/add/_components/receipt-payment-form.tsx(68,38): error TS2702: 'VoucherType' only refers to a type, but is being used as a namespace here.
app/(dashboard)/dashboard/category/_actions/category.action.tsx(329,5): error TS2304: Cannot find name 'revalidatePath'.
app/(dashboard)/dashboard/category/_actions/category.action.tsx(330,5): error TS2304: Cannot find name 'revalidatePath'.
app/(dashboard)/dashboard/clients/_actions/client.action.tsx(735,20): error TS2551: Property 'chartOfAccountId' does not exist on type 'ClientUpdateInput'. Did you mean 'ChartOfAccount'?
app/(dashboard)/dashboard/clients/_actions/client.action.tsx(810,5): error TS2304: Cannot find name 'revalidatePath'.
app/(dashboard)/dashboard/clients/_actions/client.action.tsx(811,5): error TS2304: Cannot find name 'revalidatePath'.
app/(dashboard)/dashboard/clients/page.tsx(88,15): error TS2322: Type 'never[] | { name: string | null; id: string; email: string; image: string | null; status: string; createdAt: Date; updatedAt: Date; createdBy: string; phone: string | null; address: string | null; ... 6 more ...; createdByUser: { ...; }; }[]' is not assignable to type 'Client[]'.
  Type '{ name: string | null; id: string; email: string; image: string | null; status: string; createdAt: Date; updatedAt: Date; createdBy: string; phone: string | null; address: string | null; ... 6 more ...; createdByUser: { ...; }; }[]' is not assignable to type 'Client[]'.
    Property 'chartOfAccount' is missing in type '{ name: string | null; id: string; email: string; image: string | null; status: string; createdAt: Date; updatedAt: Date; createdBy: string; phone: string | null; address: string | null; ... 6 more ...; createdByUser: { ...; }; }' but required in type 'Client'.
app/(dashboard)/dashboard/clients/page.tsx(108,15): error TS2322: Type 'never[] | { name: string | null; id: string; email: string; image: string | null; status: string; createdAt: Date; updatedAt: Date; createdBy: string; phone: string | null; address: string | null; ... 6 more ...; createdByUser: { ...; }; }[]' is not assignable to type 'Client[]'.
  Type '{ name: string | null; id: string; email: string; image: string | null; status: string; createdAt: Date; updatedAt: Date; createdBy: string; phone: string | null; address: string | null; ... 6 more ...; createdByUser: { ...; }; }[]' is not assignable to type 'Client[]'.
    Property 'chartOfAccount' is missing in type '{ name: string | null; id: string; email: string; image: string | null; status: string; createdAt: Date; updatedAt: Date; createdBy: string; phone: string | null; address: string | null; ... 6 more ...; createdByUser: { ...; }; }' but required in type 'Client'.
app/(dashboard)/dashboard/files/page.tsx(831,16): error TS2322: Type 'import("/Users/manishankarvakta/Desktop/APPS/ts-crm/startup-mvp/hooks/use-toast").Toast[]' is not assignable to type 'import("/Users/manishankarvakta/Desktop/APPS/ts-crm/startup-mvp/components/ui/toast").Toast[]'.
  Type 'import("/Users/manishankarvakta/Desktop/APPS/ts-crm/startup-mvp/hooks/use-toast").Toast' is not assignable to type 'import("/Users/manishankarvakta/Desktop/APPS/ts-crm/startup-mvp/components/ui/toast").Toast'.
    Types of property 'duration' are incompatible.
      Type 'number | null | undefined' is not assignable to type 'number | undefined'.
        Type 'null' is not assignable to type 'number | undefined'.
app/(dashboard)/dashboard/items/_components/unitForm.tsx(132,7): error TS2304: Cannot find name 'setLoading'.
app/(dashboard)/dashboard/items/category/_actions/category.action.tsx(216,5): error TS2304: Cannot find name 'revalidatePath'.
app/(dashboard)/dashboard/items/category/_actions/category.action.tsx(328,5): error TS2304: Cannot find name 'revalidatePath'.
app/(dashboard)/dashboard/items/category/_actions/category.action.tsx(329,5): error TS2304: Cannot find name 'revalidatePath'.
app/(dashboard)/dashboard/items/category/_actions/category.action.tsx(330,5): error TS2304: Cannot find name 'revalidatePath'.
app/(dashboard)/dashboard/items/category/_actions/category.action.tsx(389,5): error TS2304: Cannot find name 'revalidatePath'.
app/(dashboard)/dashboard/items/category/_actions/category.action.tsx(438,5): error TS2304: Cannot find name 'revalidatePath'.
app/(dashboard)/dashboard/items/category/_actions/category.action.tsx(483,5): error TS2304: Cannot find name 'revalidatePath'.
app/(dashboard)/dashboard/items/groups/_actions/group.action.tsx(220,24): error TS2339: Property 'baseUnit' does not exist on type '{ id: string; code: string | null; description: string | null; sortOrder: number; unit: string | null; amount: Decimal; height: Decimal | null; width: Decimal | null; unitPrice: Decimal; sl: number; depth: Decimal | null; }'.
app/(dashboard)/dashboard/items/groups/_actions/group.action.tsx(220,50): error TS2339: Property 'baseUnit' does not exist on type '{ id: string; code: string | null; description: string | null; sortOrder: number; unit: string | null; amount: Decimal; height: Decimal | null; width: Decimal | null; unitPrice: Decimal; sl: number; depth: Decimal | null; }'.
app/(dashboard)/dashboard/items/groups/_actions/group.action.tsx(220,80): error TS2339: Property 'baseUnit' does not exist on type '{ id: string; code: string | null; description: string | null; sortOrder: number; unit: string | null; amount: Decimal; height: Decimal | null; width: Decimal | null; unitPrice: Decimal; sl: number; depth: Decimal | null; }'.
app/(dashboard)/dashboard/items/groups/_actions/group.action.tsx(221,29): error TS2551: Property 'baseUnitPrice' does not exist on type '{ id: string; code: string | null; description: string | null; sortOrder: number; unit: string | null; amount: Decimal; height: Decimal | null; width: Decimal | null; unitPrice: Decimal; sl: number; depth: Decimal | null; }'. Did you mean 'unitPrice'?
app/(dashboard)/dashboard/items/groups/_actions/group.action.tsx(221,60): error TS2551: Property 'baseUnitPrice' does not exist on type '{ id: string; code: string | null; description: string | null; sortOrder: number; unit: string | null; amount: Decimal; height: Decimal | null; width: Decimal | null; unitPrice: Decimal; sl: number; depth: Decimal | null; }'. Did you mean 'unitPrice'?
app/(dashboard)/dashboard/items/groups/_actions/group.action.tsx(221,102): error TS2551: Property 'baseUnitPrice' does not exist on type '{ id: string; code: string | null; description: string | null; sortOrder: number; unit: string | null; amount: Decimal; height: Decimal | null; width: Decimal | null; unitPrice: Decimal; sl: number; depth: Decimal | null; }'. Did you mean 'unitPrice'?
app/(dashboard)/dashboard/items/groups/_actions/group.action.tsx(900,31): error TS2339: Property 'costPrice' does not exist on type '{ id: string; code: string | null; description: string | null; baseUnit: string | null; baseUnitPrice: Decimal | null; items: { id: string; code: string | null; description: string | null; ... 7 more ...; depth: Decimal | null; }[]; }'.
app/(dashboard)/dashboard/items/groups/_components/groupForm.tsx(106,5): error TS2322: Type 'Resolver<{ status: "active" | "inactive"; items: { sl: number; unitPrice: number; amount: number; sortOrder: number; code?: string | undefined; description?: string | undefined; height?: number | undefined; width?: number | undefined; depth?: number | undefined; unit?: string | undefined; }[]; ... 5 more ...; costPr...' is not assignable to type 'Resolver<{ status: "active" | "inactive"; costPrice: number; items: { sl: number; unitPrice: number; amount: number; sortOrder: number; code?: string | undefined; description?: string | undefined; height?: number | undefined; width?: number | undefined; depth?: number | undefined; unit?: string | undefined; }[]; ......'.
  Types of parameters 'options' and 'options' are incompatible.
    Type 'ResolverOptions<{ status: "active" | "inactive"; costPrice: number; items: { sl: number; unitPrice: number; amount: number; sortOrder: number; code?: string | undefined; description?: string | undefined; height?: number | undefined; width?: number | undefined; depth?: number | undefined; unit?: string | undefined; }...' is not assignable to type 'ResolverOptions<{ status: "active" | "inactive"; items: { sl: number; unitPrice: number; amount: number; sortOrder: number; code?: string | undefined; description?: string | undefined; height?: number | undefined; width?: number | undefined; depth?: number | undefined; unit?: string | undefined; }[]; ... 5 more ...;...'.
      Type 'number | undefined' is not assignable to type 'number'.
        Type 'undefined' is not assignable to type 'number'.
app/(dashboard)/dashboard/items/groups/_components/groupForm.tsx(450,34): error TS2345: Argument of type '(data: GroupFormData) => Promise<void>' is not assignable to parameter of type 'SubmitHandler<TFieldValues>'.
  Types of parameters 'data' and 'data' are incompatible.
    Type 'TFieldValues' is not assignable to type '{ status: "active" | "inactive"; costPrice: number; items: { sl: number; unitPrice: number; amount: number; sortOrder: number; code?: string | undefined; description?: string | undefined; height?: number | undefined; width?: number | undefined; depth?: number | undefined; unit?: string | undefined; }[]; ... 4 more ....'.
      Type 'FieldValues' is missing the following properties from type '{ status: "active" | "inactive"; costPrice: number; items: { sl: number; unitPrice: number; amount: number; sortOrder: number; code?: string | undefined; description?: string | undefined; height?: number | undefined; width?: number | undefined; depth?: number | undefined; unit?: string | undefined; }[]; ... 4 more ....': status, costPrice, items
app/(dashboard)/dashboard/notifications/page.tsx(75,49): error TS2339: Property 'filter' does not exist on type '{}'.
app/(dashboard)/dashboard/notifications/page.tsx(78,26): error TS2345: Argument of type '{}' is not assignable to parameter of type 'SetStateAction<Notification[]>'.
app/(dashboard)/dashboard/purchases/[id]/page.tsx(29,9): error TS2740: Type '{ items: { quantity: number; unitPrice: number; amount: number; item: { unitPrice: number; id: string; code: string; description: string; } | null; id: string; description: string; itemId: string | null; }[]; subTotal: number; discount: number | null; tax: number | null; grandTotal: number; }' is missing the following properties from type '{ id: string; supplier: { id: string; }; purchaseNumber: string; date: Date; status: PurchaseStatus; notes: string | null; attachmentUrl: string | null; discount: number | null; tax: number | null; items: { ...; }[]; }': id, supplier, purchaseNumber, date, and 3 more.
app/(dashboard)/dashboard/purchases/_actions/purchase.action.tsx(379,25): error TS1361: 'Prisma' cannot be used as a value because it was imported using 'import type'.
app/(dashboard)/dashboard/purchases/_actions/purchase.action.tsx(380,36): error TS1361: 'Prisma' cannot be used as a value because it was imported using 'import type'.
app/(dashboard)/dashboard/purchases/_actions/purchase.action.tsx(381,26): error TS1361: 'Prisma' cannot be used as a value because it was imported using 'import type'.
app/(dashboard)/dashboard/purchases/_actions/purchase.action.tsx(382,27): error TS1361: 'Prisma' cannot be used as a value because it was imported using 'import type'.
app/(dashboard)/dashboard/purchases/_actions/purchase.action.tsx(388,29): error TS1361: 'Prisma' cannot be used as a value because it was imported using 'import type'.
app/(dashboard)/dashboard/purchases/_actions/purchase.action.tsx(389,30): error TS1361: 'Prisma' cannot be used as a value because it was imported using 'import type'.
app/(dashboard)/dashboard/purchases/_actions/purchase.action.tsx(390,27): error TS1361: 'Prisma' cannot be used as a value because it was imported using 'import type'.
app/(dashboard)/dashboard/purchases/_actions/purchase.action.tsx(471,25): error TS1361: 'Prisma' cannot be used as a value because it was imported using 'import type'.
app/(dashboard)/dashboard/purchases/_actions/purchase.action.tsx(472,36): error TS1361: 'Prisma' cannot be used as a value because it was imported using 'import type'.
app/(dashboard)/dashboard/purchases/_actions/purchase.action.tsx(473,26): error TS1361: 'Prisma' cannot be used as a value because it was imported using 'import type'.
app/(dashboard)/dashboard/purchases/_actions/purchase.action.tsx(474,27): error TS1361: 'Prisma' cannot be used as a value because it was imported using 'import type'.
app/(dashboard)/dashboard/purchases/_actions/purchase.action.tsx(480,29): error TS1361: 'Prisma' cannot be used as a value because it was imported using 'import type'.
app/(dashboard)/dashboard/purchases/_actions/purchase.action.tsx(481,30): error TS1361: 'Prisma' cannot be used as a value because it was imported using 'import type'.
app/(dashboard)/dashboard/purchases/_actions/purchase.action.tsx(482,27): error TS1361: 'Prisma' cannot be used as a value because it was imported using 'import type'.
app/(dashboard)/dashboard/purchases/_components/purchaseForm.tsx(125,5): error TS2322: Type 'Resolver<{ supplierId: string; date: unknown; status: "DRAFT" | "APPROVED" | "PARTIALLY_RECEIVED" | "RECEIVED" | "CANCELLED"; items: { description: string; quantity: unknown; unitPrice: unknown; amount: unknown; itemId?: string | null | undefined; }[]; notes?: string | ... 1 more ... | undefined; attachmentUrl?: str...' is not assignable to type 'Resolver<{ supplierId: string; date: Date; status: "DRAFT" | "APPROVED" | "PARTIALLY_RECEIVED" | "RECEIVED" | "CANCELLED"; items: { description: string; quantity: number; unitPrice: number; amount: number; itemId?: string | ... 1 more ... | undefined; }[]; notes?: string | ... 1 more ... | undefined; attachmentUrl?:...'.
  Types of parameters 'options' and 'options' are incompatible.
    Type 'ResolverOptions<{ supplierId: string; date: Date; status: "DRAFT" | "APPROVED" | "PARTIALLY_RECEIVED" | "RECEIVED" | "CANCELLED"; items: { description: string; quantity: number; unitPrice: number; amount: number; itemId?: string | ... 1 more ... | undefined; }[]; notes?: string | ... 1 more ... | undefined; attachme...' is not assignable to type 'ResolverOptions<{ supplierId: string; date: unknown; status: "DRAFT" | "APPROVED" | "PARTIALLY_RECEIVED" | "RECEIVED" | "CANCELLED"; items: { description: string; quantity: unknown; unitPrice: unknown; amount: unknown; itemId?: string | null | undefined; }[]; notes?: string | ... 1 more ... | undefined; attachmentUr...'.
      Types of property 'names' are incompatible.
        Type 'string[] | undefined' is not assignable to type '("status" | "date" | "supplierId" | "notes" | "attachmentUrl" | "discount" | "tax" | "items")[] | undefined'.
          Type 'string[]' is not assignable to type '("status" | "date" | "supplierId" | "notes" | "attachmentUrl" | "discount" | "tax" | "items")[]'.
            Type 'string' is not assignable to type '"status" | "date" | "supplierId" | "notes" | "attachmentUrl" | "discount" | "tax" | "items"'.
app/(dashboard)/dashboard/purchases/_components/purchaseForm.tsx(210,40): error TS2345: Argument of type '(data: PurchaseFormData) => Promise<void>' is not assignable to parameter of type 'SubmitHandler<TFieldValues>'.
  Types of parameters 'data' and 'data' are incompatible.
    Type 'TFieldValues' is not assignable to type '{ supplierId: string; date: Date; status: "DRAFT" | "APPROVED" | "PARTIALLY_RECEIVED" | "RECEIVED" | "CANCELLED"; items: { description: string; quantity: number; unitPrice: number; amount: number; itemId?: string | ... 1 more ... | undefined; }[]; notes?: string | ... 1 more ... | undefined; attachmentUrl?: string |...'.
      Type 'FieldValues' is missing the following properties from type '{ supplierId: string; date: Date; status: "DRAFT" | "APPROVED" | "PARTIALLY_RECEIVED" | "RECEIVED" | "CANCELLED"; items: { description: string; quantity: number; unitPrice: number; amount: number; itemId?: string | ... 1 more ... | undefined; }[]; notes?: string | ... 1 more ... | undefined; attachmentUrl?: string |...': supplierId, date, status, items
app/(dashboard)/dashboard/purchases/details/page.tsx(50,56): error TS2339: Property 'id' does not exist on type '{ items: { quantity: number; unitPrice: number; amount: number; item: { unitPrice: number; id: string; code: string; description: string; } | null; id: string; description: string; itemId: string | null; }[]; subTotal: number; discount: number | null; tax: number | null; grandTotal: number; }'.
app/(dashboard)/dashboard/purchases/details/page.tsx(66,60): error TS2339: Property 'purchaseNumber' does not exist on type '{ items: { quantity: number; unitPrice: number; amount: number; item: { unitPrice: number; id: string; code: string; description: string; } | null; id: string; description: string; itemId: string | null; }[]; subTotal: number; discount: number | null; tax: number | null; grandTotal: number; }'.
app/(dashboard)/dashboard/purchases/details/page.tsx(71,27): error TS2339: Property 'supplier' does not exist on type '{ items: { quantity: number; unitPrice: number; amount: number; item: { unitPrice: number; id: string; code: string; description: string; } | null; id: string; description: string; itemId: string | null; }[]; subTotal: number; discount: number | null; tax: number | null; grandTotal: number; }'.
app/(dashboard)/dashboard/purchases/details/page.tsx(71,53): error TS2339: Property 'supplier' does not exist on type '{ items: { quantity: number; unitPrice: number; amount: number; item: { unitPrice: number; id: string; code: string; description: string; } | null; id: string; description: string; itemId: string | null; }[]; subTotal: number; discount: number | null; tax: number | null; grandTotal: number; }'.
app/(dashboard)/dashboard/purchases/details/page.tsx(76,64): error TS2339: Property 'date' does not exist on type '{ items: { quantity: number; unitPrice: number; amount: number; item: { unitPrice: number; id: string; code: string; description: string; } | null; id: string; description: string; itemId: string | null; }[]; subTotal: number; discount: number | null; tax: number | null; grandTotal: number; }'.
app/(dashboard)/dashboard/purchases/details/page.tsx(81,42): error TS2339: Property 'status' does not exist on type '{ items: { quantity: number; unitPrice: number; amount: number; item: { unitPrice: number; id: string; code: string; description: string; } | null; id: string; description: string; itemId: string | null; }[]; subTotal: number; discount: number | null; tax: number | null; grandTotal: number; }'.
app/(dashboard)/dashboard/purchases/details/page.tsx(82,20): error TS7053: Element implicitly has an 'any' type because expression of type 'any' can't be used to index type 'Record<PurchaseStatus, string>'.
app/(dashboard)/dashboard/purchases/details/page.tsx(82,43): error TS2339: Property 'status' does not exist on type '{ items: { quantity: number; unitPrice: number; amount: number; item: { unitPrice: number; id: string; code: string; description: string; } | null; id: string; description: string; itemId: string | null; }[]; subTotal: number; discount: number | null; tax: number | null; grandTotal: number; }'.
app/(dashboard)/dashboard/purchases/details/page.tsx(92,21): error TS2339: Property 'notes' does not exist on type '{ items: { quantity: number; unitPrice: number; amount: number; item: { unitPrice: number; id: string; code: string; description: string; } | null; id: string; description: string; itemId: string | null; }[]; subTotal: number; discount: number | null; tax: number | null; grandTotal: number; }'.
app/(dashboard)/dashboard/purchases/details/page.tsx(95,48): error TS2339: Property 'notes' does not exist on type '{ items: { quantity: number; unitPrice: number; amount: number; item: { unitPrice: number; id: string; code: string; description: string; } | null; id: string; description: string; itemId: string | null; }[]; subTotal: number; discount: number | null; tax: number | null; grandTotal: number; }'.
app/(dashboard)/dashboard/purchases/page.tsx(84,13): error TS2322: Type 'never[] | { subTotal: number; discount: number | null; tax: number | null; grandTotal: number; items: { quantity: number; unitPrice: number; amount: number; }[] | undefined; }[]' is not assignable to type 'Purchase[]'.
  Type '{ subTotal: number; discount: number | null; tax: number | null; grandTotal: number; items: { quantity: number; unitPrice: number; amount: number; }[] | undefined; }[]' is not assignable to type 'Purchase[]'.
    Type '{ subTotal: number; discount: number | null; tax: number | null; grandTotal: number; items: { quantity: number; unitPrice: number; amount: number; }[] | undefined; }' is missing the following properties from type 'Purchase': id, purchaseNumber, date, status, and 4 more.
app/(dashboard)/dashboard/purchases/page.tsx(106,13): error TS2322: Type 'never[] | { subTotal: number; discount: number | null; tax: number | null; grandTotal: number; items: { quantity: number; unitPrice: number; amount: number; }[] | undefined; }[]' is not assignable to type 'Purchase[]'.
  Type '{ subTotal: number; discount: number | null; tax: number | null; grandTotal: number; items: { quantity: number; unitPrice: number; amount: number; }[] | undefined; }[]' is not assignable to type 'Purchase[]'.
    Type '{ subTotal: number; discount: number | null; tax: number | null; grandTotal: number; items: { quantity: number; unitPrice: number; amount: number; }[] | undefined; }' is missing the following properties from type 'Purchase': id, purchaseNumber, date, status, and 4 more.
app/(dashboard)/dashboard/quotations/[id]/_components/QuotationActionButtons.tsx(47,113): error TS2345: Argument of type 'QuotationStatus' is not assignable to parameter of type '"DRAFT" | "APPROVED" | "REVIEW" | "SENT"'.
  Type '"CANCELLED"' is not assignable to type '"DRAFT" | "APPROVED" | "REVIEW" | "SENT"'.
app/(dashboard)/dashboard/settings/_components/Tos.tsx(144,16): error TS2322: Type 'import("/Users/manishankarvakta/Desktop/APPS/ts-crm/startup-mvp/hooks/use-toast").Toast[]' is not assignable to type 'import("/Users/manishankarvakta/Desktop/APPS/ts-crm/startup-mvp/components/ui/toast").Toast[]'.
  Type 'import("/Users/manishankarvakta/Desktop/APPS/ts-crm/startup-mvp/hooks/use-toast").Toast' is not assignable to type 'import("/Users/manishankarvakta/Desktop/APPS/ts-crm/startup-mvp/components/ui/toast").Toast'.
    Types of property 'duration' are incompatible.
      Type 'number | null | undefined' is not assignable to type 'number | undefined'.
        Type 'null' is not assignable to type 'number | undefined'.
app/actions/permission.action.tsx(511,7): error TS2554: Expected 2 arguments, but got 1.
app/actions/permission.action.tsx(602,7): error TS2554: Expected 2 arguments, but got 1.
app/actions/quotation-accounting-integration.ts(77,23): error TS2741: Property 'voucherId' is missing in type '{ success: false; error: string; }' but required in type '{ success: boolean; voucherId: string | null; error?: string | undefined; }'.
app/actions/quotation-accounting-integration.ts(81,26): error TS2741: Property 'voucherId' is missing in type '{ success: false; error: string; }' but required in type '{ success: boolean; voucherId: string | null; error?: string | undefined; }'.
app/actions/quotation-accounting-integration.ts(109,21): error TS2741: Property 'voucherId' is missing in type '{ success: false; error: string; }' but required in type '{ success: boolean; voucherId: string | null; error?: string | undefined; }'.
app/actions/quotation-accounting-integration.ts(162,9): error TS2322: Type 'null' is not assignable to type 'string'.
app/actions/quotation-accounting-integration.ts(170,9): error TS2322: Type 'null' is not assignable to type 'string'.
app/actions/user.action.tsx(537,5): error TS2552: Cannot find name 'revalidatePath'. Did you mean 'nextRevalidatePath'?
app/api/backup/[backupId]/download/route.ts(65,27): error TS2345: Argument of type '(chunk: Buffer) => void' is not assignable to parameter of type '(chunk: string | Buffer<ArrayBufferLike>) => void'.
  Types of parameters 'chunk' and 'chunk' are incompatible.
    Type 'string | Buffer<ArrayBufferLike>' is not assignable to type 'Buffer<ArrayBufferLike>'.
      Type 'string' is not assignable to type 'Buffer<ArrayBufferLike>'.
components/NotificationDropdown.tsx(70,49): error TS2339: Property 'filter' does not exist on type '{}'.
components/NotificationDropdown.tsx(73,26): error TS2345: Argument of type '{}' is not assignable to parameter of type 'SetStateAction<Notification[]>'.
components/permissions/protected-action.tsx(3,18): error TS2305: Module '"@/components/ui/button"' has no exported member 'ButtonProps'.
components/permissions/protected-action.tsx(91,11): error TS2322: Type 'string | null' is not assignable to type 'string | undefined'.
  Type 'null' is not assignable to type 'string | undefined'.
components/permissions/protected-action.tsx(92,21): error TS2345: Argument of type 'string | undefined' is not assignable to parameter of type 'SetStateAction<string | null>'.
  Type 'undefined' is not assignable to type 'SetStateAction<string | null>'.
components/permissions/protected-button.tsx(3,18): error TS2305: Module '"@/components/ui/button"' has no exported member 'ButtonProps'.
components/quotation/QuotationFormV3.tsx(254,5): error TS2322: Type 'Resolver<{ quotationNumber: string; date: string; subject: string; sections: { title: string; note?: string | undefined; discount?: number | undefined; total?: number | undefined; grandTotal?: number | undefined; ... 4 more ...; categoryGroups?: { ...; }[] | undefined; }[]; ... 14 more ...; projectLocation?: string ...' is not assignable to type 'Resolver<{ quotationNumber: string; date: string; subject: string; shippingCharges: number; discount: number; vatIncluded: boolean; sections: { title: string; sortOrder: number; items: { sl: number; unitPrice: number; ... 10 more ...; itemId?: string | ... 1 more ... | undefined; }[]; ... 6 more ...; categoryId?: st...'.
  Types of parameters 'options' and 'options' are incompatible.
    Type 'ResolverOptions<{ quotationNumber: string; date: string; subject: string; shippingCharges: number; discount: number; vatIncluded: boolean; sections: { title: string; sortOrder: number; items: { sl: number; unitPrice: number; ... 10 more ...; itemId?: string | ... 1 more ... | undefined; }[]; ... 6 more ...; category...' is not assignable to type 'ResolverOptions<{ quotationNumber: string; date: string; subject: string; sections: { title: string; note?: string | undefined; discount?: number | undefined; total?: number | undefined; grandTotal?: number | undefined; ... 4 more ...; categoryGroups?: { ...; }[] | undefined; }[]; ... 14 more ...; projectLocation?: ...'.
      Type 'number | undefined' is not assignable to type 'number'.
        Type 'undefined' is not assignable to type 'number'.
components/quotation/QuotationFormV3.tsx(273,7): error TS2353: Object literal may only specify known properties, and 'clientName' does not exist in type 'AsyncDefaultValues<{ quotationNumber: string; date: string; subject: string; shippingCharges: number; discount: number; vatIncluded: boolean; sections: { title: string; sortOrder: number; items: { sl: number; unitPrice: number; ... 10 more ...; itemId?: string | ... 1 more ... | undefined; }[]; ... 6 more ...; categ...'.
components/quotation/QuotationFormV3.tsx(346,45): error TS2820: Type '"organizationName"' is not assignable to type 'keyof Quotation'. Did you mean '"organizationId"'?
components/quotation/QuotationFormV3.tsx(356,45): error TS2820: Type '"organizationName"' is not assignable to type 'keyof Quotation'. Did you mean '"organizationId"'?
components/quotation/QuotationFormV3.tsx(413,28): error TS2769: No overload matches this call.
  Overload 1 of 4, '(names: readonly ("coverLetter" | "date" | "clientId" | "organizationId" | "discount" | "quotationNumber" | "subject" | "financialStatement" | "tos" | "submittedById" | "shippingCharges" | ... 73 more ... | `sections.${number}.categoryGroups.${number}.categoryId`)[], defaultValue?: { ...; } | undefined): readonly (string | ... 15 more ... | undefined)[]', gave the following error.
    Argument of type 'string' is not assignable to parameter of type 'readonly ("coverLetter" | "date" | "clientId" | "organizationId" | "discount" | "quotationNumber" | "subject" | "financialStatement" | "tos" | "submittedById" | "shippingCharges" | "vatIncluded" | ... 72 more ... | `sections.${number}.categoryGroups.${number}.categoryId`)[]'.
  Overload 2 of 4, '(name: "coverLetter" | "date" | "clientId" | "organizationId" | "discount" | "quotationNumber" | "subject" | "financialStatement" | "tos" | "submittedById" | "shippingCharges" | ... 73 more ... | `sections.${number}.categoryGroups.${number}.categoryId`, defaultValue?: string | ... 15 more ... | undefined): string | ... 15 more ... | undefined', gave the following error.
    Argument of type '"clientName"' is not assignable to parameter of type '"coverLetter" | "date" | "clientId" | "organizationId" | "discount" | "quotationNumber" | "subject" | "financialStatement" | "tos" | "submittedById" | "shippingCharges" | "vatIncluded" | ... 72 more ... | `sections.${number}.categoryGroups.${number}.categoryId`'.
  Overload 3 of 4, '(callback: WatchObserver<{ quotationNumber: string; date: string; subject: string; shippingCharges: number; discount: number; vatIncluded: boolean; sections: { title: string; sortOrder: number; items: { sl: number; unitPrice: number; ... 10 more ...; itemId?: string | ... 1 more ... | undefined; }[]; ... 6 more ...; categoryId?: string | ... 1 more ... | undefined; }[]; ... 11 more ...; projectLocation?: string | undefined; }>, defaultValues?: { ...; } | undefined): Subscription', gave the following error.
    Argument of type 'string' is not assignable to parameter of type 'WatchObserver<{ quotationNumber: string; date: string; subject: string; shippingCharges: number; discount: number; vatIncluded: boolean; sections: { title: string; sortOrder: number; items: { sl: number; unitPrice: number; ... 10 more ...; itemId?: string | ... 1 more ... | undefined; }[]; ... 6 more ...; categoryId...'.
components/quotation/QuotationFormV3.tsx(444,5): error TS1117: An object literal cannot have multiple properties with the same name.
components/quotation/QuotationFormV3.tsx(586,48): error TS2345: Argument of type '{ total: number; quotationNumber: string; date: string; subject: string; coverLetter: string | null; financialStatement: string | null; tos: string | null; expiredDate: string; clientId: string | undefined; ... 9 more ...; projectLocation: string; }' is not assignable to parameter of type '{ quotationNumber?: string | undefined; date?: string | undefined; subject?: string | undefined; coverLetter?: string | null | undefined; financialStatement?: string | null | undefined; ... 13 more ...; total?: number | undefined; }'.
  Types of property 'clientName' are incompatible.
    Type 'readonly (string | number | boolean | { sl: number; unitPrice: number; quantity: number; discount: number; amount: number; no?: string | null | undefined; code?: string | null | undefined; description?: string | ... 1 more ... | undefined; ... 4 more ...; itemId?: string | ... 1 more ... | undefined; } | ... 12 more...' is not assignable to type 'string'.
components/quotation/QuotationFormV3.tsx(628,62): error TS2345: Argument of type '{ total: number; quotationNumber: string; date: string; subject: string; coverLetter: string | null; financialStatement: string | null; tos: string | null; expiredDate: string; clientId: string | undefined; ... 9 more ...; projectLocation: string; }' is not assignable to parameter of type '{ quotationNumber?: string | undefined; date?: string | undefined; subject?: string | undefined; coverLetter?: string | null | undefined; financialStatement?: string | null | undefined; ... 13 more ...; total?: number | undefined; }'.
  Types of property 'clientName' are incompatible.
    Type 'readonly (string | number | boolean | { sl: number; unitPrice: number; quantity: number; discount: number; amount: number; no?: string | null | undefined; code?: string | null | undefined; description?: string | ... 1 more ... | undefined; ... 4 more ...; itemId?: string | ... 1 more ... | undefined; } | ... 12 more...' is not assignable to type 'string'.
components/quotation/QuotationFormV3.tsx(638,45): error TS2322: Type '"coverLetter" | "date" | "clientId" | "organizationId" | "discount" | "quotationNumber" | "subject" | "financialStatement" | "tos" | "total" | "submittedById" | "shippingCharges" | ... 6 more ... | "submittedByContact"' is not assignable to type 'keyof Quotation'.
  Type '"expiredDate"' is not assignable to type 'keyof Quotation'.
components/quotation/QuotationFormV3.tsx(643,9): error TS2322: Type '{ total: number; quotationNumber: string; date: string; subject: string; coverLetter: string | null; financialStatement: string | null; tos: string | null; expiredDate: string; clientId: string | undefined; ... 9 more ...; projectLocation: string; }' is not assignable to type '{ quotationNumber?: string | undefined; date?: string | undefined; subject?: string | undefined; coverLetter?: string | null | undefined; financialStatement?: string | null | undefined; ... 13 more ...; total?: number | undefined; }'.
  Types of property 'clientName' are incompatible.
    Type 'readonly (string | number | boolean | { sl: number; unitPrice: number; quantity: number; discount: number; amount: number; no?: string | null | undefined; code?: string | null | undefined; description?: string | ... 1 more ... | undefined; ... 4 more ...; itemId?: string | ... 1 more ... | undefined; } | ... 12 more...' is not assignable to type 'string'.
components/quotation/QuotationFormV3.tsx(684,7): error TS2353: Object literal may only specify known properties, and 'shouldFocus' does not exist in type 'Partial<{ shouldValidate: boolean; shouldDirty: boolean; shouldTouch: boolean; }>'.
components/quotation/QuotationFormV3.tsx(708,25): error TS2339: Property 'clientName' does not exist on type '{ quotationNumber: string; date: string; subject: string; shippingCharges: number; discount: number; vatIncluded: boolean; sections: { title: string; sortOrder: number; items: { sl: number; unitPrice: number; ... 10 more ...; itemId?: string | ... 1 more ... | undefined; }[]; ... 6 more ...; categoryId?: string | .....'.
components/quotation/QuotationFormV3.tsx(714,24): error TS2339: Property 'clientName' does not exist on type '{ quotationNumber: string; date: string; subject: string; shippingCharges: number; discount: number; vatIncluded: boolean; sections: { title: string; sortOrder: number; items: { sl: number; unitPrice: number; ... 10 more ...; itemId?: string | ... 1 more ... | undefined; }[]; ... 6 more ...; categoryId?: string | .....'.
components/quotation/QuotationFormV3.tsx(715,27): error TS2339: Property 'clientAddress' does not exist on type '{ quotationNumber: string; date: string; subject: string; shippingCharges: number; discount: number; vatIncluded: boolean; sections: { title: string; sortOrder: number; items: { sl: number; unitPrice: number; ... 10 more ...; itemId?: string | ... 1 more ... | undefined; }[]; ... 6 more ...; categoryId?: string | .....'.
components/quotation/QuotationFormV3.tsx(716,27): error TS2339: Property 'clientContact' does not exist on type '{ quotationNumber: string; date: string; subject: string; shippingCharges: number; discount: number; vatIncluded: boolean; sections: { title: string; sortOrder: number; items: { sl: number; unitPrice: number; ... 10 more ...; itemId?: string | ... 1 more ... | undefined; }[]; ... 6 more ...; categoryId?: string | .....'.
components/quotation/QuotationFormV3.tsx(808,25): error TS2339: Property 'clientName' does not exist on type '{ quotationNumber: string; date: string; subject: string; shippingCharges: number; discount: number; vatIncluded: boolean; sections: { title: string; sortOrder: number; items: { sl: number; unitPrice: number; ... 10 more ...; itemId?: string | ... 1 more ... | undefined; }[]; ... 6 more ...; categoryId?: string | .....'.
components/quotation/QuotationFormV3.tsx(814,24): error TS2339: Property 'clientName' does not exist on type '{ quotationNumber: string; date: string; subject: string; shippingCharges: number; discount: number; vatIncluded: boolean; sections: { title: string; sortOrder: number; items: { sl: number; unitPrice: number; ... 10 more ...; itemId?: string | ... 1 more ... | undefined; }[]; ... 6 more ...; categoryId?: string | .....'.
components/quotation/QuotationFormV3.tsx(815,27): error TS2339: Property 'clientAddress' does not exist on type '{ quotationNumber: string; date: string; subject: string; shippingCharges: number; discount: number; vatIncluded: boolean; sections: { title: string; sortOrder: number; items: { sl: number; unitPrice: number; ... 10 more ...; itemId?: string | ... 1 more ... | undefined; }[]; ... 6 more ...; categoryId?: string | .....'.
components/quotation/QuotationFormV3.tsx(816,27): error TS2339: Property 'clientContact' does not exist on type '{ quotationNumber: string; date: string; subject: string; shippingCharges: number; discount: number; vatIncluded: boolean; sections: { title: string; sortOrder: number; items: { sl: number; unitPrice: number; ... 10 more ...; itemId?: string | ... 1 more ... | undefined; }[]; ... 6 more ...; categoryId?: string | .....'.
components/quotation/QuotationFormV3.tsx(910,34): error TS2345: Argument of type '(data: QuotationFormValues) => void' is not assignable to parameter of type 'SubmitHandler<TFieldValues>'.
  Types of parameters 'data' and 'data' are incompatible.
    Type 'TFieldValues' is not assignable to type '{ quotationNumber: string; date: string; subject: string; shippingCharges: number; discount: number; vatIncluded: boolean; sections: { title: string; sortOrder: number; items: { sl: number; unitPrice: number; ... 10 more ...; itemId?: string | ... 1 more ... | undefined; }[]; ... 6 more ...; categoryId?: string | .....'.
      Type 'FieldValues' is missing the following properties from type '{ quotationNumber: string; date: string; subject: string; shippingCharges: number; discount: number; vatIncluded: boolean; sections: { title: string; sortOrder: number; items: { sl: number; unitPrice: number; ... 10 more ...; itemId?: string | ... 1 more ... | undefined; }[]; ... 6 more ...; categoryId?: string | .....': quotationNumber, date, subject, shippingCharges, and 3 more.
components/quotation/QuotationFormV3.tsx(922,13): error TS2322: Type 'readonly (string | number | boolean | { sl: number; unitPrice: number; quantity: number; discount: number; amount: number; no?: string | null | undefined; code?: string | null | undefined; description?: string | ... 1 more ... | undefined; ... 4 more ...; itemId?: string | ... 1 more ... | undefined; } | ... 12 more...' is not assignable to type 'string'.
components/quotation/QuotationFormV3.tsx(923,13): error TS2322: Type 'string | null' is not assignable to type 'string | undefined'.
  Type 'null' is not assignable to type 'string | undefined'.
components/quotation/QuotationFormV3.tsx(937,47): error TS2820: Type '"organizationName"' is not assignable to type 'keyof Quotation'. Did you mean '"organizationId"'?
components/quotation/QuotationFormV3.tsx(944,47): error TS2322: Type '"clientName"' is not assignable to type 'keyof Quotation'.
components/quotation/QuotationItemsArea.tsx(1535,22): error TS2345: Argument of type '(Section | undefined)[]' is not assignable to parameter of type 'Section[]'.
  Type 'Section | undefined' is not assignable to type 'Section'.
    Type 'undefined' is not assignable to type 'Section'.
components/quotation/SectionForm.tsx(19,34): error TS2307: Cannot find module '@/components/pwd-schedule/PWDScheduleModal' or its corresponding type declarations.
components/quotation/SectionForm.tsx(51,7): error TS2353: Object literal may only specify known properties, and 'pwdScheduleId' does not exist in type 'PWDItemFormData'.
components/quotation/SectionForm.tsx(83,34): error TS2488: Type 'PWDItemFormData[] | undefined' must have a '[Symbol.iterator]()' method that returns an iterator.
components/quotation/SectionForm.tsx(94,21): error TS18048: 'section.pwdItems' is possibly 'undefined'.
components/quotation/SectionForm.tsx(99,18): error TS18048: 'section.pwdItems' is possibly 'undefined'.
components/quotation/SectionForm.tsx(103,7): error TS2353: Object literal may only specify known properties, and 'amount' does not exist in type 'PWDItemFormData'.
components/quotation/SectionForm.tsx(103,15): error TS2362: The left-hand side of an arithmetic operation must be of type 'any', 'number', 'bigint' or an enum type.
components/quotation/SectionForm.tsx(112,5): error TS18048: 'section.pwdItems' is possibly 'undefined'.
components/quotation/SectionForm.tsx(113,22): error TS2339: Property 'amount' does not exist on type 'PWDItemFormData'.
components/quotation/SectionForm.tsx(117,5): error TS18048: 'section.interiorUnits' is possibly 'undefined'.
components/quotation/SectionForm.tsx(122,5): error TS18048: 'section.materials' is possibly 'undefined'.
components/quotation/SectionForm.tsx(203,16): error TS18048: 'section.pwdItems' is possibly 'undefined'.
components/quotation/SectionForm.tsx(209,20): error TS18048: 'section.pwdItems' is possibly 'undefined'.
components/quotation/SectionForm.tsx(227,17): error TS2322: Type 'InteriorUnitFormData[] | undefined' is not assignable to type 'InteriorUnitFormData[]'.
  Type 'undefined' is not assignable to type 'InteriorUnitFormData[]'.
components/quotation/SectionForm.tsx(228,68): error TS2488: Type 'InteriorUnitFormData[] | undefined' must have a '[Symbol.iterator]()' method that returns an iterator.
components/quotation/SectionForm.tsx(235,35): error TS18048: 'section.interiorUnits' is possibly 'undefined'.
components/quotation/SectionForm.tsx(246,17): error TS2322: Type 'MaterialItemFormData[] | undefined' is not assignable to type 'MaterialItemFormData[]'.
  Type 'undefined' is not assignable to type 'MaterialItemFormData[]'.
components/quotation/SectionForm.tsx(247,68): error TS2488: Type 'MaterialItemFormData[] | undefined' must have a '[Symbol.iterator]()' method that returns an iterator.
components/quotation/SectionForm.tsx(254,35): error TS18048: 'section.materials' is possibly 'undefined'.
components/settings/settings-layout-wrapper.tsx(235,43): error TS2367: This comparison appears to be unintentional because the types 'SettingsSection' and '"permissions-templates"' have no overlap.
components/settings/settings-layout-wrapper.tsx(237,50): error TS2367: This comparison appears to be unintentional because the types 'SettingsSection' and '"permissions-users"' have no overlap.
components/ui/accordion.tsx(79,37): error TS2345: Argument of type 'string | number | readonly string[]' is not assignable to parameter of type 'string'.
  Type 'number' is not assignable to type 'string'.
components/ui/providers/store-provider.tsx(14,20): error TS2554: Expected 1 arguments, but got 0.
components/ui/providers/store-provider.tsx(15,24): error TS2554: Expected 1 arguments, but got 0.
components/ui/providers/toast-provider.tsx(19,16): error TS2322: Type 'import("/Users/manishankarvakta/Desktop/APPS/ts-crm/startup-mvp/hooks/use-toast").Toast[]' is not assignable to type 'import("/Users/manishankarvakta/Desktop/APPS/ts-crm/startup-mvp/components/ui/toast").Toast[]'.
  Type 'import("/Users/manishankarvakta/Desktop/APPS/ts-crm/startup-mvp/hooks/use-toast").Toast' is not assignable to type 'import("/Users/manishankarvakta/Desktop/APPS/ts-crm/startup-mvp/components/ui/toast").Toast'.
    Types of property 'duration' are incompatible.
      Type 'number | null | undefined' is not assignable to type 'number | undefined'.
        Type 'null' is not assignable to type 'number | undefined'.
components/work-order/WorkOrderForm.tsx(67,5): error TS2322: Type 'Resolver<{ quotationId: string; amount: number; advance?: number | undefined; status?: "PROGRESS" | "COMPLETE" | "CANCELED" | "HOLD" | undefined; }, any, { quotationId: string; amount: number; status: "PROGRESS" | ... 2 more ... | "HOLD"; advance?: number | undefined; }>' is not assignable to type 'Resolver<{ quotationId: string; amount: number; status: "PROGRESS" | "COMPLETE" | "CANCELED" | "HOLD"; advance?: number | undefined; }, any, { quotationId: string; amount: number; status: "PROGRESS" | "COMPLETE" | "CANCELED" | "HOLD"; advance?: number | undefined; }>'.
  Types of parameters 'options' and 'options' are incompatible.
    Type 'ResolverOptions<{ quotationId: string; amount: number; status: "PROGRESS" | "COMPLETE" | "CANCELED" | "HOLD"; advance?: number | undefined; }>' is not assignable to type 'ResolverOptions<{ quotationId: string; amount: number; advance?: number | undefined; status?: "PROGRESS" | "COMPLETE" | "CANCELED" | "HOLD" | undefined; }>'.
      Type '"PROGRESS" | "COMPLETE" | "CANCELED" | "HOLD" | undefined' is not assignable to type '"PROGRESS" | "COMPLETE" | "CANCELED" | "HOLD"'.
        Type 'undefined' is not assignable to type '"PROGRESS" | "COMPLETE" | "CANCELED" | "HOLD"'.
components/work-order/WorkOrderForm.tsx(173,34): error TS2345: Argument of type '(data: WorkOrderFormValues) => Promise<void>' is not assignable to parameter of type 'SubmitHandler<TFieldValues>'.
  Types of parameters 'data' and 'data' are incompatible.
    Type 'TFieldValues' is not assignable to type '{ quotationId: string; amount: number; status: "PROGRESS" | "COMPLETE" | "CANCELED" | "HOLD"; advance?: number | undefined; }'.
      Type 'FieldValues' is missing the following properties from type '{ quotationId: string; amount: number; status: "PROGRESS" | "COMPLETE" | "CANCELED" | "HOLD"; advance?: number | undefined; }': quotationId, amount, status
lib/backup-progress.ts(46,18): error TS2339: Property 'backupProgress' does not exist on type 'PrismaClient<PrismaClientOptions, never, DefaultArgs>'.
lib/backup-progress.ts(96,18): error TS2339: Property 'backupProgress' does not exist on type 'PrismaClient<PrismaClientOptions, never, DefaultArgs>'.
lib/backup-progress.ts(128,18): error TS2339: Property 'backupProgress' does not exist on type 'PrismaClient<PrismaClientOptions, never, DefaultArgs>'.
lib/backup-progress.ts(152,34): error TS2339: Property 'backupProgress' does not exist on type 'PrismaClient<PrismaClientOptions, never, DefaultArgs>'.
lib/backup-progress.ts(176,18): error TS2339: Property 'backupProgress' does not exist on type 'PrismaClient<PrismaClientOptions, never, DefaultArgs>'.
lib/backup-progress.ts(195,18): error TS2339: Property 'backupProgress' does not exist on type 'PrismaClient<PrismaClientOptions, never, DefaultArgs>'.
lib/backup-progress.ts(216,18): error TS2339: Property 'backupProgress' does not exist on type 'PrismaClient<PrismaClientOptions, never, DefaultArgs>'.
lib/backup-progress.ts(237,35): error TS2339: Property 'backupProgress' does not exist on type 'PrismaClient<PrismaClientOptions, never, DefaultArgs>'.
lib/backup-progress.ts(284,33): error TS2339: Property 'backupProgress' does not exist on type 'PrismaClient<PrismaClientOptions, never, DefaultArgs>'.
lib/backup-progress.ts(307,32): error TS2339: Property 'backupProgress' does not exist on type 'PrismaClient<PrismaClientOptions, never, DefaultArgs>'.
lib/backup-progress.ts(320,34): error TS2339: Property 'backupProgress' does not exist on type 'PrismaClient<PrismaClientOptions, never, DefaultArgs>'.
lib/backup-progress.ts(323,24): error TS7006: Parameter 'r' implicitly has an 'any' type.
lib/backup.ts(349,39): error TS2339: Property 'errors' does not exist on type 'Promise<BackupProgress | null>'.
lib/backup/create.ts(11,20): error TS7016: Could not find a declaration file for module 'adm-zip'. '/Users/manishankarvakta/Desktop/APPS/ts-crm/startup-mvp/node_modules/adm-zip/adm-zip.js' implicitly has an 'any' type.
  Try `npm i --save-dev @types/adm-zip` if it exists or add a new declaration (.d.ts) file containing `declare module 'adm-zip';`
lib/backup/metadata.ts(8,20): error TS7016: Could not find a declaration file for module 'adm-zip'. '/Users/manishankarvakta/Desktop/APPS/ts-crm/startup-mvp/node_modules/adm-zip/adm-zip.js' implicitly has an 'any' type.
  Try `npm i --save-dev @types/adm-zip` if it exists or add a new declaration (.d.ts) file containing `declare module 'adm-zip';`
lib/backup/restore.ts(9,20): error TS7016: Could not find a declaration file for module 'adm-zip'. '/Users/manishankarvakta/Desktop/APPS/ts-crm/startup-mvp/node_modules/adm-zip/adm-zip.js' implicitly has an 'any' type.
  Try `npm i --save-dev @types/adm-zip` if it exists or add a new declaration (.d.ts) file containing `declare module 'adm-zip';`
lib/backup/restore.ts(83,34): error TS2345: Argument of type '{ description: string; }' is not assignable to parameter of type 'BackupCreationOptions'.
  Property 'type' is missing in type '{ description: string; }' but required in type 'BackupCreationOptions'.
lib/backup/restore.ts(185,8): error TS7006: Parameter 'entry' implicitly has an 'any' type.
lib/backup/restore.ts(294,30): error TS2345: Argument of type '{ description: string; }' is not assignable to parameter of type 'BackupCreationOptions'.
  Property 'type' is missing in type '{ description: string; }' but required in type 'BackupCreationOptions'.
lib/backup/restore.ts(330,8): error TS7006: Parameter 'entry' implicitly has an 'any' type.
lib/backup/validate.ts(7,20): error TS7016: Could not find a declaration file for module 'adm-zip'. '/Users/manishankarvakta/Desktop/APPS/ts-crm/startup-mvp/node_modules/adm-zip/adm-zip.js' implicitly has an 'any' type.
  Try `npm i --save-dev @types/adm-zip` if it exists or add a new declaration (.d.ts) file containing `declare module 'adm-zip';`
lib/backup/validate.ts(134,39): error TS7006: Parameter 'entry' implicitly has an 'any' type.
lib/backup/validate.ts(144,12): error TS7006: Parameter 'entry' implicitly has an 'any' type.
lib/backup/validate.ts(152,12): error TS7006: Parameter 'entry' implicitly has an 'any' type.
lib/backup/validate.ts(162,12): error TS7006: Parameter 'entry' implicitly has an 'any' type.
lib/backup/validate.ts(169,37): error TS7006: Parameter 'entry' implicitly has an 'any' type.
lib/backup/validate.ts(178,12): error TS7006: Parameter 'entry' implicitly has an 'any' type.
lib/backup/validate.ts(185,12): error TS7006: Parameter 'entry' implicitly has an 'any' type.
lib/permission-utils.ts(2,10): error TS2724: '"@/types/permissions"' has no exported member named 'getEquivalentOperations'. Did you mean 'getAllOperations'?
lib/permissions.ts(155,27): error TS2339: Property 'length' does not exist on type 'PagePermission | Operation[]'.
  Property 'length' does not exist on type 'PagePermission'.
lib/permissions.ts(161,59): error TS2339: Property 'length' does not exist on type 'PagePermission | Operation[]'.
  Property 'length' does not exist on type 'PagePermission'.
lib/permissions.ts(338,30): error TS2339: Property 'length' does not exist on type 'PagePermission | Operation[]'.
  Property 'length' does not exist on type 'PagePermission'.
lib/permissions.ts(366,53): error TS2339: Property 'length' does not exist on type 'PagePermission | Operation[]'.
  Property 'length' does not exist on type 'PagePermission'.
lib/permissions.ts(372,62): error TS2339: Property 'length' does not exist on type 'PagePermission | Operation[]'.
  Property 'length' does not exist on type 'PagePermission'.
lib/permissions.ts(398,54): error TS2339: Property 'includes' does not exist on type 'PagePermission | Operation[]'.
  Property 'includes' does not exist on type 'PagePermission'.
lib/permissions.ts(416,55): error TS2339: Property 'includes' does not exist on type 'PagePermission | Operation[]'.
  Property 'includes' does not exist on type 'PagePermission'.
lib/utils/pdf-generator.ts(3,26): error TS2305: Module '"@/types/quotation"' has no exported member 'QuotationWithAll'.
prisma/seed-cash-bank-accounts.ts(102,7): error TS2322: Type '{ chartOfAccountId: string; type: $Enums.CashBankAccountType; status: string; createdBy: string; }' is not assignable to type '(Without<CashBankAccountCreateInput, CashBankAccountUncheckedCreateInput> & CashBankAccountUncheckedCreateInput) | (Without<...> & CashBankAccountCreateInput)'.
  Type '{ chartOfAccountId: string; type: $Enums.CashBankAccountType; status: string; createdBy: string; }' is not assignable to type 'Without<CashBankAccountCreateInput, CashBankAccountUncheckedCreateInput> & CashBankAccountUncheckedCreateInput'.
    Type '{ chartOfAccountId: string; type: CashBankAccountType; status: string; createdBy: string; }' is missing the following properties from type 'CashBankAccountUncheckedCreateInput': id, updatedAt
prisma/seed-module-group-items-1.ts(25,26): error TS2554: Expected 1 arguments, but got 2.
prisma/seed-module-group-items-1.ts(541,11): error TS2322: Type 'Decimal | null' is not assignable to type 'string | number | Decimal | DecimalJsLike | DecimalFieldUpdateOperationsInput | undefined'.
  Type 'null' is not assignable to type 'string | number | Decimal | DecimalJsLike | DecimalFieldUpdateOperationsInput | undefined'.
prisma/seed-module-group-items-1.ts(542,11): error TS2322: Type 'Decimal | null' is not assignable to type 'string | number | Decimal | DecimalJsLike | DecimalFieldUpdateOperationsInput | undefined'.
  Type 'null' is not assignable to type 'string | number | Decimal | DecimalJsLike | DecimalFieldUpdateOperationsInput | undefined'.
prisma/seed-module-group-items-1.ts(547,9): error TS2322: Type '{ id: string; sl: number; code: string; description: string; height: Decimal | null; width: Decimal | null; depth: Decimal | null; unit: string; unitPrice: Decimal | null; ... 5 more ...; updatedAt: Date; } | { ...; }' is not assignable to type '(Without<ModuleGroupItemCreateInput, ModuleGroupItemUncheckedCreateInput> & ModuleGroupItemUncheckedCreateInput) | (Without<...> & ModuleGroupItemCreateInput)'.
  Type '{ id: string; sl: number; code: string; description: string; height: Prisma.Decimal | null; width: Prisma.Decimal | null; depth: Prisma.Decimal | null; unit: string; ... 6 more ...; updatedAt: Date; }' is not assignable to type '(Without<ModuleGroupItemCreateInput, ModuleGroupItemUncheckedCreateInput> & ModuleGroupItemUncheckedCreateInput) | (Without<...> & ModuleGroupItemCreateInput)'.
    Type '{ id: string; sl: number; code: string; description: string; height: Prisma.Decimal | null; width: Prisma.Decimal | null; depth: Prisma.Decimal | null; unit: string; ... 6 more ...; updatedAt: Date; }' is not assignable to type 'Without<ModuleGroupItemCreateInput, ModuleGroupItemUncheckedCreateInput> & ModuleGroupItemUncheckedCreateInput'.
      Type '{ id: string; sl: number; code: string; description: string; height: Prisma.Decimal | null; width: Prisma.Decimal | null; depth: Prisma.Decimal | null; unit: string; ... 6 more ...; updatedAt: Date; }' is not assignable to type 'ModuleGroupItemUncheckedCreateInput'.
        Types of property 'unitPrice' are incompatible.
          Type 'Decimal | null' is not assignable to type 'string | number | Decimal | DecimalJsLike'.
            Type 'null' is not assignable to type 'string | number | Decimal | DecimalJsLike'.
prisma/seed-module-group-items-2.ts(752,11): error TS2322: Type 'Decimal | null' is not assignable to type 'string | number | Decimal | DecimalJsLike | DecimalFieldUpdateOperationsInput | undefined'.
  Type 'null' is not assignable to type 'string | number | Decimal | DecimalJsLike | DecimalFieldUpdateOperationsInput | undefined'.
prisma/seed-module-group-items-2.ts(753,11): error TS2322: Type 'Decimal | null' is not assignable to type 'string | number | Decimal | DecimalJsLike | DecimalFieldUpdateOperationsInput | undefined'.
  Type 'null' is not assignable to type 'string | number | Decimal | DecimalJsLike | DecimalFieldUpdateOperationsInput | undefined'.
prisma/seed-module-group-items-2.ts(758,9): error TS2322: Type '{ id: string; sl: number; code: string; description: string; height: Prisma.Decimal | null; width: Prisma.Decimal | null; depth: Prisma.Decimal | null; unit: string; ... 6 more ...; updatedAt: Date; }' is not assignable to type '(Without<ModuleGroupItemCreateInput, ModuleGroupItemUncheckedCreateInput> & ModuleGroupItemUncheckedCreateInput) | (Without<...> & ModuleGroupItemCreateInput)'.
  Type '{ id: string; sl: number; code: string; description: string; height: Prisma.Decimal | null; width: Prisma.Decimal | null; depth: Prisma.Decimal | null; unit: string; ... 6 more ...; updatedAt: Date; }' is not assignable to type 'Without<ModuleGroupItemCreateInput, ModuleGroupItemUncheckedCreateInput> & ModuleGroupItemUncheckedCreateInput'.
    Type '{ id: string; sl: number; code: string; description: string; height: Prisma.Decimal | null; width: Prisma.Decimal | null; depth: Prisma.Decimal | null; unit: string; ... 6 more ...; updatedAt: Date; }' is not assignable to type 'ModuleGroupItemUncheckedCreateInput'.
      Types of property 'unitPrice' are incompatible.
        Type 'Decimal | null' is not assignable to type 'string | number | Decimal | DecimalJsLike'.
          Type 'null' is not assignable to type 'string | number | Decimal | DecimalJsLike'.
prisma/seed-module-group-items-3.ts(888,11): error TS2322: Type 'Decimal | null' is not assignable to type 'string | number | Decimal | DecimalJsLike | DecimalFieldUpdateOperationsInput | undefined'.
  Type 'null' is not assignable to type 'string | number | Decimal | DecimalJsLike | DecimalFieldUpdateOperationsInput | undefined'.
prisma/seed-module-group-items-3.ts(889,11): error TS2322: Type 'Decimal | null' is not assignable to type 'string | number | Decimal | DecimalJsLike | DecimalFieldUpdateOperationsInput | undefined'.
  Type 'null' is not assignable to type 'string | number | Decimal | DecimalJsLike | DecimalFieldUpdateOperationsInput | undefined'.
prisma/seed-module-group-items-3.ts(894,9): error TS2322: Type '{ id: string; sl: number; code: string; description: string; height: Prisma.Decimal | null; width: Prisma.Decimal | null; depth: Prisma.Decimal | null; unit: string; ... 6 more ...; updatedAt: Date; }' is not assignable to type '(Without<ModuleGroupItemCreateInput, ModuleGroupItemUncheckedCreateInput> & ModuleGroupItemUncheckedCreateInput) | (Without<...> & ModuleGroupItemCreateInput)'.
  Type '{ id: string; sl: number; code: string; description: string; height: Prisma.Decimal | null; width: Prisma.Decimal | null; depth: Prisma.Decimal | null; unit: string; ... 6 more ...; updatedAt: Date; }' is not assignable to type 'Without<ModuleGroupItemCreateInput, ModuleGroupItemUncheckedCreateInput> & ModuleGroupItemUncheckedCreateInput'.
    Type '{ id: string; sl: number; code: string; description: string; height: Prisma.Decimal | null; width: Prisma.Decimal | null; depth: Prisma.Decimal | null; unit: string; ... 6 more ...; updatedAt: Date; }' is not assignable to type 'ModuleGroupItemUncheckedCreateInput'.
      Types of property 'unitPrice' are incompatible.
        Type 'Decimal | null' is not assignable to type 'string | number | Decimal | DecimalJsLike'.
          Type 'null' is not assignable to type 'string | number | Decimal | DecimalJsLike'.
prisma/seed-module-group-items-4.ts(446,11): error TS2322: Type 'Decimal | null' is not assignable to type 'string | number | Decimal | DecimalJsLike | DecimalFieldUpdateOperationsInput | undefined'.
  Type 'null' is not assignable to type 'string | number | Decimal | DecimalJsLike | DecimalFieldUpdateOperationsInput | undefined'.
prisma/seed-module-group-items-4.ts(447,11): error TS2322: Type 'Decimal | null' is not assignable to type 'string | number | Decimal | DecimalJsLike | DecimalFieldUpdateOperationsInput | undefined'.
  Type 'null' is not assignable to type 'string | number | Decimal | DecimalJsLike | DecimalFieldUpdateOperationsInput | undefined'.
prisma/seed-module-group-items-4.ts(452,9): error TS2322: Type '{ id: string; sl: number; code: string; description: string; height: Prisma.Decimal | null; width: Prisma.Decimal | null; depth: Prisma.Decimal | null; unit: string; ... 6 more ...; updatedAt: Date; }' is not assignable to type '(Without<ModuleGroupItemCreateInput, ModuleGroupItemUncheckedCreateInput> & ModuleGroupItemUncheckedCreateInput) | (Without<...> & ModuleGroupItemCreateInput)'.
  Type '{ id: string; sl: number; code: string; description: string; height: Prisma.Decimal | null; width: Prisma.Decimal | null; depth: Prisma.Decimal | null; unit: string; ... 6 more ...; updatedAt: Date; }' is not assignable to type 'Without<ModuleGroupItemCreateInput, ModuleGroupItemUncheckedCreateInput> & ModuleGroupItemUncheckedCreateInput'.
    Type '{ id: string; sl: number; code: string; description: string; height: Prisma.Decimal | null; width: Prisma.Decimal | null; depth: Prisma.Decimal | null; unit: string; ... 6 more ...; updatedAt: Date; }' is not assignable to type 'ModuleGroupItemUncheckedCreateInput'.
      Types of property 'unitPrice' are incompatible.
        Type 'Decimal | null' is not assignable to type 'string | number | Decimal | DecimalJsLike'.
          Type 'null' is not assignable to type 'string | number | Decimal | DecimalJsLike'.
scripts/import-coa.ts(83,9): error TS7034: Variable 'records' implicitly has type 'any[]' in some locations where its type cannot be determined.
scripts/import-coa.ts(94,25): error TS7005: Variable 'records' implicitly has an 'any[]' type.
scripts/import-coa.ts(111,25): error TS7005: Variable 'records' implicitly has an 'any[]' type.
scripts/reset-and-restore.ts(25,9): error TS7034: Variable 'vals' implicitly has type 'any[]' in some locations where its type cannot be determined.
scripts/reset-and-restore.ts(52,15): error TS7005: Variable 'vals' implicitly has an 'any[]' type.
